"onionland","RUSSIAN FUCK LITTLE GIRLS","http://child3yep5z5ywfs6j5pnb37ctjanfircbdminudzz6654tlldjjunqd.onion"
"onionland","Notices by machamac (machamac) - society","http://societyc7422zz3aiso5hakhf24m2n47qhcwmwfrdir5z5d74ldbmoid.onion/machamac"
"onionland","Russian - Tape","http://tape6m4x7swc7lwx2n2wtyccu4lt2qyahgwinx563gqfzeedn5nb4gid.onion/tag/russian"
"onionland","/leftypol/ - Russian Thread","http://wz6bnwwtwckltvkvji6vvgmjrfspr3lstz66rusvtczhsgvwdcixgbyd.onion/leftypol/res/326202.html"
"onionland","Russian space missile - Invidious","http://fz253lmuao3strwbfbmx46yu7acac2jz27iwtorgmbqlkurlclmancad.onion/watch?v=1lhKY1rXyMo&list=PL57quI9usf_tmbqTSA8LYadwwknpxn7iW"
"onionland","RUSSIAN RUBLE | Suppertownnote","http://q375irnxwtmnjoov6lst6gphvfn24ykdtz3uekaiof7g3cd5aysrwkad.onion/product/russian-ruble/index.html"
"onionland","Russian Writers - Традиция","https://traditioe225fc22n4xhtlabsvo6wuddvunbffssketkq2pmygdnhwqd.onion/Russian_Writers"
"onionland","Links Dir Tor | Urls sites onion","http://it65gnp5nlaynphnxk3nl7z5ks3geweybemicz36got5c7i7xwjmygid.onion/vote/1739/pos"
"onionland","Russian Wiki Links","http://vykenniek4sagugiayj3z32rpyrinoadduprjtdy4wharue6cz7zudid.onion/dir/russian.html"
"onionland","Left unchanged - Russian Federation - Adjudications - Legal.cases","http://caseslrwwcr744frvczmogqpa5jxfl6qhx3fxi2ne5pnro4yvsevhzid.onion/en/result-ostavleno-bez-izmeneniya-s/country-russian-federation-s/section-acts"
"onionland","Russian links Tor — Dark Dir | Onion Dir","http://4hnqv7xifzghbodltdfegd4ycknwm6og6e2gwa4w23icoe4xlzewcoqd.onion/russian-links-tor.html"
"onionland","Russian links onion — Dark Dir | Onion Dir","http://6jh4is7hnszqhynxdc3topbhkypkp5xxv66jitb3grlc5757qze3q5yd.onion/russian-links-tor.html"
"onionland","Leaked Girls - FreedomHQ","http://freedomzw5x5tzeit4jgc3gvic3bmecje53hwcoc3nnwe2c3gsukdfid.onion/girls?country=greece"
"onionland","Underage Cam Girls | Young Cams","http://auktl6jifqdortnjih4wjcemp66loqjjza7i5mmotqxzcmlrrq5dpfid.onion"
"onionland","Bitcoin Girls - What is it? - WikiBTC","http://invest2vgs6d4iswmlg3dvk6eqrti2bqyrzp2dpbhuzlb2japeb7ylid.onion/bitcoin-aliexpress/index7.html"
"onionland","Hijab FUCK Girls | Hacked and Exposed Young Muslim Girls","http://hijab6krnwts7ra27baukpo6llpkf4hgqtigj3rlxaukekvdhvzdeoid.onion"
"onionland","Bitcoin Girls : What is it? : WikiCrypto","http://invest2bnz2ncbp7akynqratk3aodpmfnr6noh2ipajtgtcd22acalqd.onion/bitcoin-dat/index12.html"
"onionland","Bitcoin Girls : What is it? : Wikipedia","http://invest2ttt3bxcv5wm7pozu5ui5xaxknkxlwlvkewo3bjsntkutssrid.onion/digi-bitcoin/index3.html"
"onionland","Pot WHITE RUSSIAN (Weed 1 g) - GroveDrugs. Buy research drugs.","http://vvihtmatx3vm2e2xqemt4voboed4jdys47757nkwslhodackwgynexid.onion/product/pot-white-russian-weed-1-g/index514e.html?add-to-cart=747"
"onionland","Bitcoin Girls - What is it? - Wiki","http://invest2qbmqua3fyveu3makh4hfnsxe6vm7r2x3ewwpegmhl2rhatlyd.onion/bitcoin-book/index15.html"
"onionland","Bitcoin Girls - What is it? - WikiBTC","http://invest2fwzgn2um6724kbu3sq3kd3opifsmuxjumm2vgxbrlyffpbxad.onion/bitcoin-quotes/index9.html"
"onionland","Bitcoin Girls - What is it? - Crypto","http://invest2rdm7yzzd4xlofk3uj4gsgxwudduvrj437xotn7lb6b453pdid.onion/bitcoin-ebay/index15.html"
"onionland","Bitcoin Girls : What is it? : CryptoWiki","http://invest2ouyltwekkmsmgqr4odkv3lbc2m7qtxkbh7rsfk42tlsiarwad.onion/bitcoin-okpay/index7.html"
"onionland","Bitcoin Girls - What is it? - WikiCrypto","http://invest2q6dfac6harktexshdawzeiqyxvodcbkxxbcjpkkt3mod7s2yd.onion/faucet-bitcoin/index20.html"
"onionland","Bitcoin Girls - What is it? - Wikipedia","http://invest2cnxirzqfzsfoqrmnpls6rbifa63yfqifur5wxgdqavpbswxqd.onion/gemini-bitcoin/index2.html"
"onionland","Bitcoin Girls - What is it? - CryptoWiki","http://invest2j4pg52c3ba2i2s45ocpjlpoc6zeqrlv6qemta7lqxpleyp5id.onion/bitcoin-mine/index8.html"
"onionland","Bitcoin Girls : What is it? : WikiBTC","http://invest3eenpn5iwazjcculvzl323q62qaow3d7ijiqih7crwnidw7gqd.onion/bitcoin-metal/index20.html"
"onionland","Bitcoin Girls - What is it? - WikiKnowledge","http://invest3cofrxpsegiylb6qm2jp7k7swylstes4hs4kw6rq7tfpbgkaqd.onion/red-bitcoin/index9.html"
"onionland","Bitcoin Girls - What is it? - WikiBTC","http://invest2qmlr45sk2jgiug43ifpg7ctkrt3hwvaom2saotwsnrhnupkid.onion/cryptocurrency-bitcoin/index8.html"
"onionland","Bitcoin Girls - What is it? - WikiCrypto","http://invest3fpn2kcqlkmyoercnf2xj2isdmgnfxbzxtr7sxcdodt6iirpid.onion/bitcoin-in/index27.html"
"onionland","Vil Mirzayanov, State Secrets. An Insiders Chronicle of the Russian Chemical...","http://kx5thpx2olielkihfyo4jgjqfb7zx7wxr3sd4xzt26ochei4m6f7tayd.onion/forum/index.php?topic=245.0"
"onionland","Bitcoin Girls : What is it? : Crypto","http://invest3do3vkvp52jvoszmj2p6gfvsmixq5d4p5mxpk3zcueoqd5adqd.onion/unconfirmed-bitcoin/index17.html"
"onionland","Bitcoin Girls - What is it? - TOR WiKi","http://invest2sgwxh3scyxvwqaxhlkxlcpn7ipngm5gld5pcgq72vmpezgeid.onion/cryptocurrency-ethereum/index5.html"
"onionland","Bitcoin Girls - What is it? - Dark Crypto","http://invest2chfy3ttlf7kqv6ihr2hflzksjz2skn54etgxqlwggpmjavqid.onion/koshelek-bitcoin/index22.html"
"onionland","Bitcoin Girls : What is it? : Wiki","http://invest2gibw4fnel4ppvi3jybt2zfgllj5txzujfea3asmwwwzt4c3ad.onion/frontier-ethereum/index.html"
"onionland","Bitcoin Girls : What is it? : TOR WiKi","http://invest2esyu34y64dcsuor2asc757tr26iwyvr355zsfqm2jhozy4xqd.onion/microsoft-bitcoin/index23.html"
"onionland","Rails Girls Saint-Étienne - Le Numéro Zéro","https://rcbwx654n44axrba7q34aqaq2xhsp67aq244xd6ppgwndqfedjjvijad.onion/Rails-Girls-Saint-Etienne"
"onionland","translated into Russian | Activism Archive","http://yd43paeb65fcuykc4skel6ra2r4qluqicuxjr4wqxgrsn6ti3mlrczad.onion/taxonomy/term/90"
"onionland","BOYS VS. GIRLS ULTIMATE FACEOFF!! - Invidious","http://vjz6vc6oefececkeabwogp3xfitdylxgkyf2vuot6pyxyme4jp54i2ad.onion/watch?v=wIi-wHrv6Ps"
"onionland","Liberal | Little boys and girls in all holes!","http://liberalhf5hjefibussfn2mvqauks7pkfrmsaaymnamx7rrcstsrdpyd.onion/onion/70"
"onionland","636Gb VIDEOS YOUNG GIRLS MOM SON PRETEEN HARDCORE INCEST BRO SIS PRIVATS RUSSIAN - Pastebin free copy paste In Dark web deeppaste","http://pastebeg6e3rpkofmcgy7fdgkmewb7r4zqfdyppjyhpdukljuepplsid.onion/ZavrM81zg2"
"onionland","Ochko123 - How the Feds Caught Russian Mega-Carder Roman Seleznev - Invidious","http://grwp24hodrefzvjjuccrkw3mjq4tzhaaq32amf33dzpmuxe7ilepcmad.onion/watch?v=6Chp12sEnWk"
"onionland","Big Girls Don't Cry 3-6 by Giantess Club","http://eux4gt4qcaiesps5w5rppxcenoe5shapwycums5yuiikmc4mpc74gpyd.onion/read.php?11,8055,printview,page=1"
"onionland","Bambook - Free Adult Games","https://gamcored5widhilqmnyv7msosxpcqsvyunyljk6sx6swnzmzy2km2oyd.onion/bambook"
"onionland","Jailbait PTC OPVA LOLITACITY KIDS PORN","http://d3xs3syocqqa5gpjmm3azeq25uyxolaryndm64ubbjnvjghnc47p37id.onion"
"onionland","Hackers Sell Data of 129 Million Russian Car Owners for Bitcoin - DeepWebFeed - The #1 Deep Web Resource","http://ll3tycluyy5a37f7frr44uikk74lbtgftmsfi2l2atcaaezk2kaenpyd.onion/index.php/news-and-articles/editors-picks/item/495-hackers-sell-data-of-129-million-russian-car-owners-for-bitcoin?tmpl=component&print=1"
"onionland","Russian Psychopath","http://lhyytrv3v7m3upeevqtgvan7hlcfklc5qxumsamopyut723uz6cpwqid.onion/misunderstood"
"onionland","Bitcoin Girls : What is it? : WikiCrypto","http://invest2z744ntfsjndqlqcita65mgjzwxkwk3cdzzcof6jpl4g7kmsid.onion/mist-ethereum/index12.html"
"onionland","YATL: Yet Another Topic Links","http://bxkqj6tqkamhrdmpsf6ehxgbqvayusionnlqc4kskaqdlvzjevwjnpid.onion"
"onionland","Russian Federation: “Foreign Agent Media” bill signed | Front Line Defenders","http://3g2wfrenve2xcxiotthk4fcsnymzwfbttqbiwveoaox7wxkdh7voouqd.onion/en/statement-report/russian-federation-foreign-agent-media-bill-signed"
"onionland","Tag russian | Signpost","http://signpostcjbbviqdhfbtocj6dthbd7cpvo3tpwrrfhkkk4fafjd53nyd.onion/tag/43"
"onionland","Girls #1","http://ld2wpn4gvmw6nh722jdwpawfgcbncxkmhoftjfdpsrtkhnoqbrvb3pid.onion/main3.php?g2_itemId=602"
"onionland","ONIONLIST - lolks chat - Socials","http://vrrzsuyfdg6fy67bsyseii7cemqryamyn6lm5cigpt24q26c7fbkhxad.onion/vote/063/lolks_chat.php"
"onionland","Russian Collections - Paste","http://paste2vju4l4ps5z52aqydmxavq73duz5o6yp6fz7jmo4ggl7ey5dxyd.onion/view/ac08fa04"
"onionland","Russian Big Brother","http://mega3kr4b3aq6ic5sepvn7yfwuhgdk6dswfqo6cd6mi5kuiexjbqe3id.onion/shops/bcbd307669796b058c3375367d8ae291"
"onionland","City Girls - Invidious","http://w6ijuptxiku4xpnnaetxvnkc5vqcdu7mgns2u77qefoixi63vbvnpnqd.onion/channel/UCMKv9a5OeqElzuWy1WOR0kA"
"onionland","goth girls","http://rambleeeqrhty6s5jgefdfdtc6tfgg4jj6svr4jpgk4wjtg3qshwbaad.onion/f/gothgirls"
"onionland","Scream girls","http://wtxkmyedpnvxo74frxavpphibxnfhm6w5ejmxo6w6t3e3bh6igvdlpqd.onion/login.php"
"onionland","Russian Intelligence goes Darknet","http://dinsid4aauy5y2g7nvfsg6kr4d5j26os26diehfnnxyzexgvsw5htdad.onion/en/archive/64432"
"onionland","Russian pancakes from potatoes","http://c32zjeghcp5tj3kb72pltz56piei66drc63vkhn5yixiyk4cmerrjtid.onion/f/videos/132571/russian-pancakes-from-potatoes"
"onionland","Bitcoin Girls - What is it? - WikiBTC","http://invest2z3szwdbdfcpvosflamvoqfgmmugpyc7hskkq57pvefgyxyoad.onion/bitcoin-primedice/index4.html"
"onionland","List of links Tor | Best sites onion","http://g3hbygdjjieysdv62hudmopzbn4ccdzyzvygvadu5gyhkzowrwjjobyd.onion/vote/356/neg"
"onionland","| Beach girls : Blog","http://under4bphvyz4cnw5x7bf34uwwnlhmppp3awcrbtocyvklwhbrhc2fad.onion/blog/tiki-view_blog_post?postId=24"
"onionland","Django Girls - Leaf Wiki","http://lljcwddkoyjq3xxtchl7a4i3ig6wqrg7nfxuzbzj4k4tbnb6pnzq7kid.onion/index.php/Django_Girls"
"onionland","Russian Road","http://russianvii3zs27lht5jvwuppli77k47567bbv5o3bsos4qxxbu67sid.onion"
"onionland","Black Girls CODE (@BlackGirlsCode) | nitter","http://npf37k3mtzwxreiw52ccs5ay4e6qt2fkcs2ndieurdyn2cuzzsfyfvid.onion/BlackGirlsCode"
"onionland","Минобороны России (@mod_russia) | nitter","http://3nzoldnxplag42gqjs23xvghtzf6t6yzssrtytnntc6ppc7xxuoneoad.onion/mod_russia"
"onionland","Girls videos porn","http://qv4vgi4zekrv5ld73pyjumurb3llrvhdzioijr2sx6noj5vh7462p6qd.onion"
"onionland","Underage Cam Girls | Young Cams","http://33pth6hkiakxg2eh56wd5yctuqif7tqyzltkgmjb6tx6ekpkgr4jwdad.onion"
"onionland","TGx:Saving.Leningrad.2019.RUSSIAN.720p.HDRip.800MB.x264-GalaxyRG","http://galaxy3yrfbwlwo72q3v2wlyjinqr2vejgpkxb22ll5pcpuaxlnqjiid.onion/torrent/101104/Saving-Leningrad-2019-RUSSIAN-720p-HDRip-800MB-x264-GalaxyRG"
"onionland","Library of SMUT - Little Girls","http://gs7mpabfzdsqwei7vvcr27aw7gzq7ynkjzqwv23gvtc5dcpiououn4qd.onion/mMbyQquRdtaXDgndbrL_Ef0IBHhLlrFJA1dOJxBENOFj6uK1Np8VBWo_s3eEeIfQ.html"
"onionland","Little Horny Muslim Girls-Membership","http://iyhqrmdhpzq2o4faoz6jpmlzmfwdbsgpfg2uuv3ylam5gdi4rwws7cqd.onion/paying.html"
"onionland","Recent questions tagged girls - Hidden Answers","http://pt.answerh4rfo4zgi4ao7lzoukjflpbur4ldabarachwwhabbu4vkpvxyd.onion/tag/girls"
"onionland","Operation Odessa... Akkurat når du tror du har sett og hørt alt.. | DNMNO","http://dnmnoxk5aylzyyczjwlrb7kwgb7hhleuzcv45dwrqjbmzcsdvjxn7oqd.onion/topic/4057/operation-odessa-akkurat-når-du-tror-du-har-sett-og-hørt-alt/1"
"onionland","Any necrofilia sites? - Hidden Answers","http://answerszuvs3gg2l64e6hmnryudl5zgrmwm3vh65hzszdghblddvfiqd.onion/259708/any-necrofilia-sites"
"onionland","Exclusive Child Porn ~ Girls Packs v2","http://jm74xaxeu5tykz2dfta5oqjosmnjm264vxuaeamg3a6atbabi5g3nfqd.onion"
"onionland","Tor Girls | Jar Jar Binks Top100","http://q72fiiwvwcic33kmuwgighbbauukoi74uhybr6jcgxaukul6g2bev2id.onion/node/42"
"onionland","/random/ - Boys Will Be Girls","http://26yukmkrhmhfg6alc56oexe7bcrokv4rilwpfwgh2u6bsbkddu55h4ad.onion/random/res/250.html"
"onionland","/ero/ - east-asian girls","http://4usoivrpy52lmc4mgn2h34cmfiltslesthr56yttv2pxudd3dapqciyd.onion/ero/res/139.html"
"onionland","Vote The Onion Site - Runion - Russian Forum","http://oniondirsl37g3uwoesuwvg6nufnsnibpfo7x7ukbydtdsgdpanjxjqd.onion/Vote?Id=274&vote=pos"
"onionland","CUTE PEACHES","http://youngno4lq47dqrlxhrwau7vnmt7kcufrqdfnae2kjnm5lurdt6gerid.onion/index.html"
"onionland","My lightning talk in Django Girls PyCon","https://kushal76uaid62oup5774umh654scnu5dwzh4u2534qxhcbi4wbab3ad.onion/posts/my-lightning-talk-in-django-girls-pycon.html"
"onionland","I want to hit girls - Sky Wiki","https://txy7pgu2kdqg3ovmauiyeyrdhqwjdedvmn2rkcmj2vtknvk7zdo4vqqd.onion/index.php/I_want_to_hit_girls"
"onionland","Child porn to view. Download CP video and photo.","http://wy2o32ybubmcghvt4z4dhsuielezd4xdzmnajpywdwzddq2onvanlqid.onion"
"onionland","Buy russian vehicle registration database 129m worldwide shipping","http://vg5jkavczcz6ggtefzjk334vb57plshkgn4yprpa3skf5i5a6yricyyd.onion/product/zCR8AJtSoxsLGUvz1Ee2ZQulRkhB4jJS"
"onionland","/v/ - S4Max Gamenight: Where the Fuck are we at EditionTL;DR: This is handegg with guns and korean anime girls walljumping everywhere at hihg speeds. You can also wield a fuckoff huge sword and smack people around.","http://ylcjjrqko7pgobnvzreemm565ea3oj3c7rfqqb4x4twmay6hafv54mid.onion/v/res/40.html"
"onionland","Apache bug leads to websites dropping out of Yandex search","http://v65ngaoj2nyaiq2ltf4uzota254gnasarrkuj4aqndi2bb5lw6frt3ad.onion/entry/http2-upgrade-h2.html"
"onionland","Topic Links 3.0","http://rqagvqs4qx3t5masyja42io7ukaffohowgauvymi2xgcp26chrirf5yd.onion"
"onionland","Alexis King (@lexi_lambda) | nitter","http://nitterlgj3n5fgwesu3vxc5h67ruku33nqaoeoocae2mvlzhsu6k7fqd.onion/lexi_lambda"
"onionland","What is your favorite alcoholic beverage - Hidden Answers","http://es.answerh4rfo4zgi4ao7lzoukjflpbur4ldabarachwwhabbu4vkpvxyd.onion/316324/what-is-your-favorite-alcoholic-beverage"
"onionland","If You Can’t Beat Russian Hackers, Hire One - Hire a Hacker Online","http://7arikjzeekgnzcs63v662u3eq7cild2ryn3sx4fjwbwdf4tbkkb7jmid.onion/cant-beat-russian-hackers-hire-one/index.html"
"onionland","UNDER AGED LITTLE BOYS AND GIRLS AVAILABLE FOR YOUR SEXUAL DESIRES","http://ksn5nqaie4bozit34yk5dnlxhdymd2fvusltutotvkamr5mv4kkmgzqd.onion/showthread.php?tid=1247"
"onionland","login... | Amateur porn private collection of Young Girls!","http://msd6e7czlntd7acz6q2io64nnjitkmp6tyilm3v47fvlzab44uy5pjqd.onion/login"
"onionland","Dogsex Rookies","http://cwwt4tvwijamrzehmdozb5vchcusrrhm7awwrbdxq3xrh7ifh4ocwjad.onion"
"onionland","smart girls guide to privacy - Cultura de Segurança - groups - Crabgrass","http://zkdppoahhqu5ihjqd4qqvyfd2bm4wejrhjosim67t6yopl77jitg2nad.onion/culturaseguranca/smart-girls-guide-to-privacy+391411"
"onionland","Invitation Code - Teen Deepthroat","http://teen6q7tfchfw23kwlaw3jbiw52wxa7q6ke4ars42yi7lcjpwbhzmfyd.onion/invitationcode.php"
"onionland","Alice In Wonderland","http://alice34mdngm7dhzx34dglpactwrppd6cskewvi7ny2ktn7x7tf77qid.onion"
"onionland","Directory top sites hidden Internet | TOR links and urls","http://cncgjh3azrs3ehee7paqnybxdgo5se63dlt5aqhunzcauui3h7mu5oqd.onion/cat/12/page/6"
"onionland","Directory Rating Links | Top Sites onion","http://lnbpcgk4mem5vvvwilqsk7yb5i2bgtjphnvq37kajdycu56i5omt4cqd.onion/cat/12/page/6"
"onionland","MLP: Mane 6 [SPEEDPAINT] - Invidious","http://axqzx4s6s54s32yentfqojs3x5i7faxza6xo3ehd4bzzsg2ii4fv2iid.onion/watch?v=zS3n_CAcCSQ"
"onionland","porn | OurRealm","http://orealmvxooetglfeguv2vp65a3rig2baq2ljc7jxxs4hsqsrcemkxcad.onion/search?query=porn&page=59"
"onionland","XXX - Special Hard Core","http://meu2ktlsvuy6km7cjvqpcfpozjsxjwolnroto3z7rjrhu2wituydo5id.onion"
"onionland","Torch : porn","http://torchdeedp3i2jigzjdmfpn5ttjhthh5wbmda2rr3jvqjg5p77c54dqd.onion/search?query=porn&page=7"
"onionland","Welcome to Nu Wiki, The main information page for the deepweb","http://qidsbnpipfbz2htggxb7inxnhfqy5tftpl43xux6humnldddjopzfrqd.onion"
"onionland","CP - FTP","http://zyse6s5slvpmhin7vgzgo7j3uezymefijtonevz4wwmbnxhs7ykyvsqd.onion"
"onionland","We should kill Muslim guys and rape Muslim girls! - pol - Public Board - BitChan 0.11.2","http://bitchan5zleliwr7egmn4yskth5k6ofu6qbax3y4t45k3k2plt363nad.onion/thread/BM-2cXVUC29HSjd7rhseJdcSE1m4qSnPPZmH2/9a6d842a0065d58ccbff06639b5ff379b6e47e300dfd92bf3d8d2641750d5e92"
"onionland","PREMIUM CP","http://ggjta2n27hvhvv425gosqfqmoyvl6535dvh4yx24wagxv3uj6k63gzqd.onion"
"onionland","NAUGHTY KIDS","http://iifz7vplkeovyrruirnridqb6ewbvirjxkb2w333lrjeytxlt3gqbsyd.onion/index.php?lang=it"
"onionland","Gulag-chan","http://ol4trlhh2pnjzjo6lnnkq2lhjrklpnhoxmwb5poiz4x5srdpeffsbpid.onion/res/137.html"
"onionland","Russia Orders Major VPN Providers to Block 'Banned' Sites - TorrentFreak","https://archiveiya74codqgiixo33q62qlrqtkgmcitqx5u2oeqnmn5bpcbiyd.onion/ZadaY"
"onionland","Saiga AK 47 Izhmash | Black Market Guns","http://bmguns7xglvmnlnz5nd543dczp3fnsfd6jecwpjomvhov4dn4ikxmqyd.onion?product=saiga-ak-47-izhmash"
"onionland","Adult | Hidden Link Directory","http://hopywvn4ae6v4qiy7pywitka4assgvjg4njdjadkchugzokungzvpgqd.onion/index.php?cat=Adult&page=10"
"onionland","Scream girls","http://kfaevuecpbtvtqoekgknyj433rr7rsxffhea4526sukeikearqa2opad.onion"
"onionland","Little Love","http://dv7nw4ixb7ao5jfvytf2dvmbcz2icqbhbegrmbya2djqxuvb3cihphyd.onion"
"onionland","Little Love","http://3nmto7m5plastwax3zctiqdiki7npfnijzo4ck2fvuwmxs6aaatp4iad.onion"
"onionland","TOX ME","http://toxme5ddckbslutjcisefkelo6dwqrz2n3m7ydfewms3vfpv3ebelhid.onion/index.php?page=7"
"onionland","Difference between revisions of ""Main Page"" - The Hidden Wiki","http://wikipedmkndaoiug3x3dy4p5ii4tcrawgcek7cee3mba6udokagydwqd.onion/index.php?title=Main_Page&diff=prev&oldid=362"
"onionland","Adult Wiki Links","http://o6zevm3yj662gkhxriuboj27jyvqn5gwrak3g2pu4ganl7h2gd5dbqad.onion/dir/adult.html"
"onionland","Top Onions | Adult","http://toponiibv4eo4pctlszgavni5ajzg7uvkd7e2xslkjmtcfqesjlsqpid.onion/cat.php?cat=adult&page=5"
"onionland","Nuvola nera chan","http://bcg4uvhawoulez4lfc6oatfvylokzu33zyrsxe2aepp7mq3kcdubsbad.onion"
"onionland","Catalogue - DarkDir","http://l7vh56hxm3t4tzy75nxzducszppgi45fyx2wy6chujxb2rhy7o5r62ad.onion/catalogue.php?cat=latest"
"onionland","Onion Link Directory | Adult, porn, CP, Pedo","http://torlinkuqd6ntr57y35m53pitu3qzfdbmhpkqmzn7yunzuwzrxjpmmyd.onion/adult.html"
"onionland","Buy Credit Card Dumps Pin in darknet 2020 year - DarkWay","http://darkn5g756epq6t6fkqdo3mvkxlvwjtgabsbh3x47yhqg3uguiy5z5yd.onion/market/29"
"onionland","暗网内常用onion隐藏服务网站导航 - 暗网中国论坛","http://p3dti6yyaofuh775jcv74idkycusaoniku4lbttajspajvds6cuu53qd.onion/forum.php?mod=viewthread&tid=6&extra=page=1&filter=reply&orderby=replies"
"onionland","Links Tor - onion urls","http://mrb7p3rsvipdkfki7zdenhc3df6f4o7m4mhjbyr4uudbhi4h6aldqsqd.onion"
"onionland","던전의 주인님","http://lgwfmw275jbo3f7z32hgtywdjtk2jjyfm4r32u3yznsdbwubxth64zqd.onion/1.html"
"onionland","About Us - Professional Hacking Services - Worldwide Hacking Service","http://2ttshdlcjasm2olfqp3dp3djlz4tc7of4iveqbdif2fgf5xa5pwowdyd.onion/about-us/index.html"
"onionland","Deep Search","http://search7tdrcvri22rieiwgi5g46qnwsesvnubqav2xakhezv4hjzkkad.onion/result.php?search=celeb"
"onionland","Simple Index","http://x7hzq2fuovnzptspuluk46p47426rtlkqg7ny6iumiw7j4kgxysmqgqd.onion/cat.php?i=30"
"onionland","Hidden List - Site Information","http://ddlnqgyjs2d3fwe5t4rolyk6lm2q6qot7dw36oadnusl7agsyvqb3fad.onion/info?id=539"
"onionland","Top videos | OnionTube","http://tubemwive7gh35yolhtbuvxc52xncrrurk52u5eblil7cqx3krndvqqd.onion/videos/top?page_id=6&type=this_year"
"onionland","Руководство по установке Debian GNU/Linux","http://5ekxbftvqg26oir5wle3p27ax3wksbxcecnm6oemju7bjra2pn26s3qd.onion/releases/stable/mips/index.ru.html"
"onionland","TOR LINKS - Best Onion Link Collection","http://linkssfpaeihh6nkzf373e45avva6x7kjkiqnceomh275motaxoc3ead.onion/all.html"
"onionland","IB.WTF","http://ibwtf2x42oiafbbfyjjpx6powbvnrnqpxwtxi3nps7gprmxqh4iv4wad.onion/res/277.html"
"onionland","신태일","http://xluifu7wkjn3lmgjimgdsuhyta5ajnf5fy3y64na5ixvgx72ifswp5id.onion/3.html"
"onionland","Tor catalog - all onion sites","http://oj5l6if6aq4q2yupnbzagh2bndgunx4urcrgobietlxtesjc345btpyd.onion"
"onionland","Japanese Lady Extermination @ mn7g4h4 Network","http://oruipzts32vfmxha2urcbniitpm5jmzh43bm5owuje66tchtl62ucxid.onion"
"onionland","onion - Onion Center Search Engine","http://5qqrlc7hw3tsgokkqifb33p3mrlpnleka2bjg7n46vih2synghb6ycid.onion/index.php?a=search&q=onion&page=28&f=4&o=1"
"onionland","JulyJailbait","http://dgubj7dia3mwbm3lbep62sq6tordnbtsbrbbi22ewuxeozhyj5rnmqad.onion"
"onionland","July Club","http://rd2cf5zliwoutoof6xf2dtl3yukva3z2ezzedlvmsuq5kzzpf3jn5tad.onion"
"onionland","July Club","http://o32li3gfc7mtxysp44g57w3cl5wrzb6doxqrkx3e435fgrukngcy3cqd.onion"
"onionland","Dumps with Pin Shop - Track 1","http://2qhfojw2badyzdihcrpmh7xmj6enxo3paatxtad2fqtg342vi2g34oqd.onion"
"onionland","Dark web links","http://darkmond65ucj7scvxquhmm2nbfm5tvkqi75xpf7czat73j67yute7ad.onion/index.php"
"onionland","TorNode - Onion Links Directory","http://e6wzjohnxejirqa2sgridvymv2jxhrqdfuyxvoxp3xpqh7kr4kbwpwad.onion?cat=22&lang=en"
"onionland","Tor Links Best - Hacking - Adult - CP porn - Cards - Drugs","http://m7ivnstz7huzjgu4usuyqgnbf4i5yz556d53ei3cdyyjfmprvpkrjzqd.onion"
"onionland","/pol/ - Россия - Picochan","http://picochanwvqfa2xsrfzlul4x4aqtog2eljll5qnj5iagpbhx2vmfqnid.onion/pol/199"
"onionland","Onion Links Best - Cards - Drugs - Hacking - Adult - CP porn","http://h24hpnpqa33mly4dzja2ot64js7p2p7vcjz7gozazvtu4yxhpd4z4sad.onion"
"onionland","PoizeChan","http://xulvpc743m5iu6oktjyhyigd3ijxhcexz7b6nnoiy5wszzojbf7s73yd.onion"
"onionland","HD Wiki","http://e7ija5y5ynxc6hwmapnlmudju4a4depiddoc7ufhgdri3pyqcajqbwad.onion"
"onionland","Latest Posts | VDARE.com","https://f2vfjp3jc37gxgn4hum4uf2bhi2w3kp4jbzdwegrn6bvtezbhminobid.onion/latest-posts?page=4&tag=donald-trump-insurgency"
"onionland","Shin-chan","http://l4pcdsvyckfixcb4uoy6xkmnvfyrmgg7m6q2xbr7yo4hlrlhdfnzbjyd.onion/3.html"
"onionland","Bitcoin Вклады - What is it? - Dark Crypto","http://invest2u3fw74sfvja5khficaetft373rzzurwdppwv73vlyz5l3e5id.onion/buying-bitcoin/index26.html"
"onionland","Autobot Bitcoin - What is it? - Wikipedia","http://invest2tsgv5d2vosffoaie2qxa72lz5s76af3h4zoazhre7547mzzad.onion/bitcoin-investment/index12.html"
"onionland","Archives","http://mbv5a7cc6756lkpqts6si5zcpxwvd43cyb4atbqzjqypktsdoftphyqd.onion/archives.js?boards=&page=8"
"onionland","TorNode - Onion Links Directory","http://5jvz3qy6rux3chaoft3sex22ef6l6uvkfqsavxd3pmej2jeotsckvxqd.onion?cat=22&pg=1&lang=en"
"onionland","Links Tor - onion urls","http://xcg5hhslykygoe3tvym3dhzjpusvx5wqksbt2lpm5izmm2tcmciovlyd.onion"
"onionland","Wiki Tor - onion links","http://iwvigpztzgvf5jlm3qra7mkxij45pedxypgvzthyipxbjnpcbxdkoeid.onion"
"onionland","MyBoys","http://myboysvzrahyhekdd36x666ivb6hi77seyf7getfsqfa47kf4yz666yd.onion/index.php"
"onionland","Paul's Onion List | Safe DeepWeb Links | 2021 Verified DarkWeb Onions","http://paullzqj3ntil7vyar3gxeks7bz5haiteeehz5vdk5fadvtto7q7liid.onion?cat=19&pg=0&lang=en"
"onionland","Chat Tor / Private Chat / Dark Chat","http://gszionb5csgn24c2siowqzwj4bipigtvcs754hepe3ls3hf7qpcdxaqd.onion"
"onionland","Onision / James Gregory Jackson / Gregory James Daniel/Jackson/Avaroe | Page 2253 | Kiwi Farms","http://uquusqsaaad66cvub4473csdu4uu7ahxou3zqc35fpw5d4ificedzyqd.onion/threads/onision-james-gregory-jackson-gregory-james-daniel-jackson-avaroe.4851/page-2253"
"onionland","Onions! More Onions! - Dark Matter Project","http://dark3i5wry7zl7hdpmidmaflve7cmxzhvhpoutrryb5vd44qc52tbhad.onion/onions-more-onions"
"onionland","qorg11.net guestbook","http://lainwir3s4y5r7mqm3kurzpljyf77vty2hrrfkps6wm4nnnqzest4lqd.onion/guestbook/guestbook.cgi"
"onionland","InfoChan","http://emcc46ukd57uahbhu7c5zo7spvcjooj6mcb4pvh2jblv27jygjdzilid.onion/32.html"
"onionland","/pol/ - Yuri Bezmenov","http://tdsrvhos656xypxsqtkqmiwefuvlyqmnvk5faoo23oh2m4xqg4gr47ad.onion/pol/res/30945.html"
"onionland","2016/2024(BUD) | [ParlTrack]","http://y2u2kktykfwba7offqeynxsthsbaiznnmysew2so34fxgh6moss5taqd.onion/dossier/2016/2024(BUD)"
"onionland","Buy hacked airbnb accounts for carding or marketing worldwide shipping","http://iekhvnhtalkith22o37grl3exe54btiqrxr7semjxkwpyprcoctudqad.onion/product/Jg4dWxnmkvZwNXUeZedsrVvJ0HTO6ymF"
"onionland","User kude - Hidden Answers","http://ru.answerh4rfo4zgi4ao7lzoukjflpbur4ldabarachwwhabbu4vkpvxyd.onion/user/kude"
"onionland","Bitcoin Арбитраж - What is it? - Wiki","http://invest2y37gxawbxnmfvodmrcg5thodajikx7g2dcfntluy73p32meid.onion/50000-bitcoin/index25.html"
"onionland","Young miracle","http://5jyqg6ducoavhcxfv6ga4y5uvy5fgsirastp7cubj46jvovdth6zn2qd.onion"
"onionland","Ethereum Fork - What is it? - WikiKnowledge","http://invest2nczuxao5mfizt76minuowmkfjm2d63z6f5z77jqt4jxkyzkad.onion/ethereum-investing/index21.html"
"onionland","Directory Rating Links | Top Sites onion","http://linkiev3kx2soy4vnc5sqo7cknc3aonq75pvj62t6amnl3tb2frmvhad.onion/cat/12"
"onionland","CP Shop","http://cpshoppn4bsbzfhfyfjr3zjexupgtcgyd2gvjvwuqguhkcnj3nushjyd.onion/cat.php?i=12"
"onionland","Search - Hoodle","https://nr2dvqdot7yw6b5poyjb7tzot7fjrrweb2fhugvytbbio7ijkrvicuid.onion/search.php?search_term=babes"
"onionland","Adult Tor Dark Web","http://ygzg6qzkup7xfcq2vl3yogcs6jvrupf5qxujeevmqxbcair6vptfimqd.onion/adult-tor-dark-web.html"
"onionland","Adult Tor darknet","http://c3b24jvpheh5twkgyccwrxanl67wnir5amkgoxg5ex4dq4ltmaopn7id.onion/adult-tor-darknet.html"
"onionland","New porn","http://crsl6vwclo73qhct2skvvjzgef4pjnfunsfmd4eucfmv4p3em65zthad.onion"
"onionland","Destroyed Daughters - Private Extreme Teen Porn Video Community","http://23x4bs3axptt5yadrj6ibc2hsrph6uqa2efhclxi2aizyc24kruemnid.onion"
"onionland","Fresh Onions","http://freshonifyfe4rmuh6qwpsexfhdrww7wnt5qmkoertwxmcuvm4woo4ad.onion?page=3"
"onionland","Porn City - Home","http://fcdgori2bdeuhvswltq577bwrxiymmhup4gqevcvsktys2qesk7ng5ad.onion"
"onionland","Tor sites Adult — .onion Tor","http://vaobbcp6xpc626m5twpkg2ssmmnovr4vuh733vqbohbw4bi3mytwl6qd.onion/tor-sites-adult.html"
"onionland","Ni-Chan - Free BBS","http://freebbs2dwn7bay3hljm5pqs5qn7tot6clwouqdnvueozf7bt3y5ldid.onion/readfwd?go=Ni-Chan?start_reading_at=8940"
"onionland","Directories Tor Adult — onion urls","http://fy4yi2aqynp7q2uwpg5jmubnlt6ie3ey7mwk7qw3o3nrogoejzekq2qd.onion/directories-tor-adult.html"
"onionland","Tor sites Adult — .onion Tor","http://rn5gnopuyl5wsgkklimqrmwwnwegndq6tjdzrverd6cmbjttgf7o74id.onion/tor-sites-adult.html"
"onionland","Tor onion urls Adult — Tor urls","http://pbpkgvbknhxofhwq24vsuiazggeiez5m6q6wynnfzxdu3xckcjf7psyd.onion/tor-onion-urls-adult.html"
"onionland","Open Onion Directory (OOD)","http://us63c5r2z5mvk4mxfa3heejezqaj5wh4ivq6zr2mxs2uymbaslg4ctad.onion?cat=1&pg=1&lang=fr"
"onionland","GRACE","http://kmdsynjxeyrry3rh4d6rapim7dpri5rxbb7ejh3et3jrdisas4tz4xyd.onion"
"onionland","Hidden Wiki","http://hiddenwep33eg4w225lcdwcez4iefacwpiia6cwg7pfmcz4hvijzbgid.onion?title=Main_Page"
"onionland","Hidden Wiki .Onion Urls / Links Deep Web Tor Wiki - OnionList Tor Deep Web Hidden Wiki","http://wikivxsshnwleidz2pf3lyhoyykhhguksmptiqoa6rmaex7w3upuv2id.onion"
"onionland","(Untitled)","http://d3w3ioji7ffgmgvcfkfvhev4ofgbnax4xnr53bho6uwxihn6ktm2whyd.onion/categories.html"
"onionland","Deep Web PORN Official - THE BEST FORBIDDEN PORN - Onion Link Porn - Preview","http://etu4xggn7quzk62vht4ibpudcaokolavbofrs3b6wkqpvh3bfgfad5yd.onion/categories.html"
"onionland","Onion Links Best - Cards - Drugs - Hacking - Adult - CP porn","http://6anpgflrz7lejcm2xfv2m2b5zgxs5wbbthfxlhtkbqmrwwx67xjenwqd.onion"
"onionland","Adult Tor DarkWeb Links","http://6negstzygyk6exonvifpqff75v6voobgypqzvcssy44wdmtdfprsziyd.onion/adult-tor-darkweb-links.html"
"onionland","Excavator - dark web links","http://2fd6cemt4gmccflhm6imvdfvli3nf7zn6rfrwpsy7uhxrgbypvwf5fad.onion/search/dark-web-links?per_page=200"
"onionland","/test/ - L","http://cimixezweeq64g42vl6tyhk4becxhi4ldwqq6w43u53qhwsd3s4c3lyd.onion/test/thread/215.html"
"onionland","Onion Dir","http://2whqarzicbr7fzmeodfbj23lqjavlqhempkjtml75r2di2ishitoyyid.onion"
"onionland","[email protected] - Post a reply","http://oj26kzyfo22glgi5fibxmnv5mlatrkpyn75blchmkzszxz37roc3ctyd.onion/forum/posting.php?mode=quote&f=6&p=1112"
"onionland","Boards","http://tew7tfz7dvv4tsom45z2wseql7kwfxnc77btftzssaskdw22oa5ckbqd.onion/boards.js?page=1"
"onionland","Tox ID Service","http://yhtyhuscjmjkczuk6rnufoznptepi4xzasfyd2peadrr2xiz6v7cjnyd.onion/u/sissyboi"
"onionland","BushZilla","http://333vhptbj3mxkx27sp6r36x4fpmoiyr53ickwpoblzzbt6a6xu46v3ad.onion"
"onionland","Boards","http://bchan46hwn7fxf67hav7khj3ca7v4avg7yhieahqyocgnaolazgi6tqd.onion/boards.js?page=1"
"onionland","Onion Dir - Other","http://cardtmckyqww57aafu6g2teyrugxlk7tght73v6an33ndlgixdfiieqd.onion/cat10.php"
"onionland","Board List","http://trashchan2rvdng5zm7346sfxrrkjwvqzolw4lfdyldcsdpmsyj4dkid.onion/boards.html"
"onionland","14067 - audrarius","http://owmvhpxyisu6fgd7r2fcswgavs7jly4znldaey33utadwmgbbp4pysad.onion/post/14067/zdj7WY31WcxKg8D4UWjW8fd9iQFJb9Hy7eiZAA1eCGguvBKXE"
"onionland","Onion Dir - Adult","http://odirybqkco22killzmkuaj565roso7krdlubfdxj2k6vxqyozsmdixad.onion/cat11.php"
"onionland","Adult - Hidden Wiki — onion Wiki","http://wikiq5yw3fyny4hgjh47yrhosukuhkbuefoa342epgmab76d7tbxw4ad.onion/adult-hidden-wiki.html"
"onionland","Red Chan","http://ot3cgq74nu7tpnvyhohp74nf4rrp7fayv6djmiwvoeuq4zoqb5ng23yd.onion/80.html"
"onionland","Russia - The Hidden Wiki","http://wiki2zkamfya6mnyvk4aom4yjyi2kwsz7et3e4wnikcrypqv63rsskid.onion/Russia.html"
"onionland","/meta/ - Both /Starlet/ and /bl/ have been removed due to on going issues and is directly linked to the clearnet being down for a week. Sometime in the future those boards may be shared as a archive only site but theirs no plans for that at the moment. Questions","http://cutiewetgwj7ra6gthxl7m3qsphu7eccodx7pgrxki6vzap5udvpo5id.onion/meta/res/2316.html"
"onionland","What do privacy, a crapton of puppies, and tea have in common? - Archive - MayVaneDay Studios","https://meynethaffeecapsvfphrcnfrx44w2nskgls2juwitibvqctk2plvhqd.onion/archive/blog/2016/july/privacy.html"
"onionland","#sex","http://diasporg5tj4xz5mxkd5qnrppo7tbb6ynk2gtmjw5lmz6mtbesj3k6id.onion/tags/sex?page=3"
"onionland","EHGirls - Home","http://rv3qvtu42tqnbx2ydr4myz4m7jiurxo6nc5xjsqiktuhlbcs5hpx2lid.onion"
"onionland","Apolíneo - Download de cursos","http://ph6hrf4a57ynziesg2qucamwsi2hs62zddplmbxunqluswzig6uw6fid.onion/curso.php?id_curso=40"
"onionland","Class De Bocchi Na Koshimizu-San Ga Ijimekko-Tachi Ni HaraPun Sex Kyouyou Sareteru Tte!? - Gull Wiki","https://r2zw2ge2d553taaxapoq4xysyizr3aqugyyk74eafn7omwx7xyczskad.onion/index.php/Class_De_Bocchi_Na_Koshimizu-San_Ga_Ijimekko-Tachi_Ni_HaraPun_Sex_Kyouyou_Sareteru_Tte!?"
"onionland","Class De Bocchi Na Koshimizu-San Ga Ijimekko-Tachi Ni HaraPun Sex Kyouyou Sareteru Tte!? - Tortoise Wiki","https://qezqo7c2mvdk2ml2ys626hlh7ezva75wwwoawcuc7xncp37kedumv2ad.onion/index.php/Class_De_Bocchi_Na_Koshimizu-San_Ga_Ijimekko-Tachi_Ni_HaraPun_Sex_Kyouyou_Sareteru_Tte!?"
"onionland","Tor CC - Dark Web Valid cvv and fresh cc dumps Valid credit card number with cvv","http://w5bvvhjw2vyymzl62ziav3vqon4gmvyaxhzlmrm5nn7ubaevaumcxbqd.onion?add-to-cart=155"
"onionland","EuCanna - First Class Cannabis Healthcare - Buy weed online. Buy medical cannabis online with Bitcoins.","http://n6qisfgjauj365pxccpr5vizmtb5iavqaug7m7e4ewkxuygk5iim6yyd.onion"
"onionland","EuCanna - First Class Cannabis Healthcare - Buy weed online. Buy medical cannabis online with Bitcoins.","http://wges3aohuplu6he5tv4pn7sg2qaummlokimim6oaauqo2l7lbx4ufyyd.onion"
"onionland","P2p Bitcoin - What is it? - Wikipedia","http://invest3f2zvz5ilbpdbstoflfjeevonipdz6dn6nnioxfeebqaqdrvyd.onion/bitcoin-bank/index14.html"
"onionland","RAFI","http://galaxy3bhpzxecbywoa2j4tg43muepnhfalars4cce3fcx46qlc6t3id.onion/thewire/owner/RAFI"
"onionland","Mar Rosso chan","http://g72wlgdxjsq4thtm4zvw42uh7vz77lllsiasnnyw4xgmdfut5dczgbid.onion/index.html"
"onionland","Hard Porn Forum","http://forumzslmzc6dmmc62d2ylvc5a5h5p4lxnksatlgj5qpye6j6w2osxad.onion/categories.html"
"onionland","Fratello-chan","http://wpkrv46kb4xv6od6mpfwra77lbubgyuiac7cumb3iar2viqbilx3kkqd.onion/1.html"
"onionland","Nice Sexy","http://gllamdnlr6yeoag5lrucnw5qlkk27qvmbznkueuvuzjo7fttsfsn7nad.onion"
"onionland","binarystar01","http://l5b5ugkok5owt5w7xz7fvrvd75io2hvnao4c4gonidjmkqsyifwkdryd.onion/binarystar01"
"onionland","/b/ - Random - page 5","http://atomch2kjtm6mnzvxiwxo7m5swjjgeisve7te4nqylr5bd7y53yrhiid.onion/b/5.html"
"onionland","Chou onna kirai na ore ga isekai no joshi-ko ni ryugaku suru koto ni natta - Freedom Wiki","https://vavi6vaewwf7gtpsjxeufyanr7qxcfd4upcdgm2wg2xzanqzv3uahiyd.onion/index.php/Chou_onna_kirai_na_ore_ga_isekai_no_joshi-ko_ni_ryugaku_suru_koto_ni_natta"
"onionland","I will sell access to the forum a lifetime account!","http://lovecpc24bvc4jcvkelsd4buidl75uvrwb2jk2pnl6cdpglpkxeah3yd.onion"
"onionland","Cards taken by Dark Web hackers tank by 41% - Dark Web Live","http://bpmv5c5btkcwocecthn4otcewilmtynvbfevfp736ajqc4bsei2oddyd.onion/cards-dark-web-hackers-reduce-by-41/index.html"
"onionland","/b/ - Птицы по утрам начинают сверкать, что твоя роса.","http://oneechnq2pn57jfud3wkwtfkthtwrqnqqv7hlyzoy46jgukcd67hylyd.onion/b/res/27758.html"
"onionland","Artwork Index","http://tssa3yo5xfkcn4razcnmdhw5uxshx6zwzngwizpyf7phvea3gccrqbad.onion/public/artwork/index.html"
"onionland","Onion Link Directory | Adult, porn, CP, Pedo","http://tor3asjumtsjqjdgrorxjxa2jg2i4ky5qbvarlzwfcauyd4aapdbskyd.onion/adult.php"
"onionland","YesFap","http://blackmamonp2gagujxor53txwa4dmben3viuznhbfc2klsn7cqqkxbqd.onion/yesfap/reviews/page-2"
"onionland","Catalogue - ShopsDir","http://vxmua4uvg7vp5ssnvx5gexrr2nxso3wwvjwagdub67vcombj4kf4i4qd.onion/catalogue.php?cat=other&page=5"
"onionland","Russie : Une grosse pédale se fait éclater la tête dans un avion après avoir insulté les Russes","http://2azus2ydchjmz5l5fcjmhew4elucd72wwwaqpswni3wiyb3gvqjpfeid.onion/russie-une-grosse-pedale-se-fait-eclater-la-tete-dans-un-avion-apres-avoir-insulte-les-russes"
"onionland","Submarine - Search for Hidden Services","http://no6m4wzdexe3auiupv2zwif7rm6qwxcyhslkcnzisxgeiw6pvjsgafad.onion/search.php?term=money+transfer&page=6"
"onionland","Preferences - Invidious","http://4l2dgddgsrkf2ous66i6seeyi6etzfgrue332grh2n7madpwopotugyd.onion/preferences?referer=/"
"onionland","Борды на Lolifox","http://wn3ghyuon5eaqyxi7yauald3d53gsxrkanzpu2qdyc54vobif2qutsid.onion/boards.html"
"onionland","로리웹","http://ihwlvcggyxlrgkphbaf44aegwprl6lppxojxfr4rjjfog2ts76apvuqd.onion/index.html"
"onionland","Public Repos :: adblocklists.git/commitdiff","http://nzi67esfrtpnl4wqxjeacfghatcc3vxpmyfc3ncjooxtufeyvlv65mad.onion/projects/adblocklists.git/commitdiff/aa42b6b230e804596371834c32618cb922e9bd95"
"onionland","Dark web links","http://iyak3zzqqwaxyirrpykqkmvpshrvark2n62hqaqfgom7cqkjitwyxjyd.onion"
"onionland","User contributions for 127.0.0.1 - Human Wiki","http://vcsfc5r66ghdlmvob5y3hkrca4pebbrisio4ckahuye2jmbi7mzd4yqd.onion/index.php?title=Special:Contributions/127.0.0.1&dir=prev&target=127.0.0.1"
"onionland","OnionSocial | Refund","http://socialjnglihlsk537egxbipw4qzv563s32gb476xke4kmqhv4ffunid.onion/terms/refund"
"onionland","Lolita","http://duhrksta5xgx6trnnjhynhrqssyp5m357audvvx3r26xbc2nxufm5pad.onion"
"onionland","Best Pictures and Video","http://e32xhjyw3gv6d3mpbk24sajvnfe2e2xxbkoj42zo3pt5qcaj7bd2d6qd.onion"
"onionland","COTW | Document","http://cotwajd2sygqkkq253dnwmnxjycna7b3sxxyifc5vkx274dk5ezfhpyd.onion/document.html"
"onionland","Gratis Videospiele","http://backup.germany2igel45jbmjdipfbzdswjcpjqzqozxt4l33452kzrrda2rbid.onion/posts/preList/1164/13350.page.html"
"onionland","TARGET - Cat","http://fnvlbq6pq7lftf634bowf6wdqksvbvy45u4inwpm2l6aalkuzfkskoid.onion/cat/porn"
"onionland","Пользователь DiWinston - Скрытые Ответы","http://ru.answerszuvs3gg2l64e6hmnryudl5zgrmwm3vh65hzszdghblddvfiqd.onion/user/DiWinston"
"onionland","hosting service for porn videos - hosting service for porn videos","http://lk7x4br5n3pz4am752z4qjz4gifwqwefq3mnf6z4aiz6xz53scpprsid.onion/index.php?option=com_users&view=registration"
"onionland","Google Translate","http://zsxjtsgzborzdllyp64c6pwnjz5eic76bsksbxzqefzogwcydnkjy3yd.onion/archives/email/fancyclawshtmlplugin1.html"
"onionland","Rocksolid Light","http://fev4bgoasgxttqb3x3tukxxia6lwryteq6a2ramqb2gjiol3zbu6xaid.onion/rocksolid/search.php?command=search&searchpoint=Poster&terms=reshmakavi"
"onionland","다크 메갈리아","http://2mu7qwudmq6he6mkvwysqwqkw5zhwecfayosftcauodzpfpkpb7rf5yd.onion/res/221.html"
"onionland","BIG RAPE CUBE","http://childognxeugyvazw7a2azxwgsqracravnb5wu62rcjfocwtgg33akyd.onion"
"onionland","Freech","http://freech3w5dxcq3qdhkij3mzxalfw6gphgp2ufd32keyjkdctjr5lcoyd.onion/kareha.pl/1602525822/16"
"onionland","CP Sextury","http://i4xgrkiquyxgzqxz75iietmcbdup6f2yumhmejorsnx3s27dtwlxpgad.onion/index.html"
"onionland","Penis and Dot","http://kqye5oeuhechsk7224na5nncdsxvkdhnuw44ov4cgrqd5f2flf2fn3ad.onion"
"onionland","Impero romano chan","http://budjtdollp7hxr74m3nbvmgp2c57u7yysfx2d7lyzer6tymuhbz63rad.onion"
"onionland","Cybercrime 'Help Wanted': Job Hunting on the Dark Web - DeepWebFeed - The #1 Deep Web Resource","http://thedwffdwtwlcsp4rgbbcjhvixmbz7q7g57sphyebt3sd6enjlkuwiqd.onion/index.php/news-and-articles/editors-picks/item/916-cybercrime-help-wanted-job-hunting-on-the-dark-web?tmpl=component&print=1"
"onionland","TorNode - Onion Links Directory","http://6yzymlthp5ok2wqlpu2wz5wbfrcenxax3f65tulccbmluptrphxzaxyd.onion?cat=20&pg=0&lang=en"
"onionland","Post new reply — BUY 100% LOOKING REAL FAKE DOCUMENTS AND COUNTERFEIT PAPER BILLS CUR — General Discussion — DarknetBB","http://i4pk4l4s7odlbjpdh7hza5m5z6woc4meo36atzdpybvkwgu67l22v4id.onion/new/reply/615/quote/906"
"onionland","Raped Bitch - Real Rape Material","http://7pza5wzpuczlfuaq57uzxbp65lpthoobmoss576lv6tvlobnf5sqheyd.onion"
"onionland","Giving Together | About Facebook","https://about.facebookwkhpilnemxj7asaniu7vnjjbiltxjqhye3mhbshg7kx5tfyd.onion/giving-together"
"onionland","Hack This Site Forum","http://hackthisjogneh42n5o7gbzrewxee3vyu6ex37ukyvdw6jm66npakiyd.onion/forums/search.php?author_id=54607&sr=posts"
"onionland","Buy Porn worldwide shipping","http://orange36te7f62wgdl55lvswtibjiuxji4f62tlxvdgmwtwedvrczlid.onion/category/porn"
"onionland","BazaarShop - Product Search","http://bazaardmtbh3vykobhidiiygpfclqfwscdlo4smxfuaipwcscal65pid.onion?page=search&tag=girls"
"onionland","Vote for ""Hijab Porn"" - The Dark Web Links Directory","http://sz5h6tiqkdkfl55qa3kcxgzck3xeffo6cso7sjpc7hc7sr3vghdyicqd.onion/siteinfo/279"
"onionland","Keskustori","http://oivkrzn5xeisuvqtzeeexc53revzq7uf2ksoxmhfnl242hvlmbrwamqd.onion/s/rand/4"
"onionland","Simple Index","http://z4w274nwrcrc3tuyah2fpvzgrfr2endlsyualxmbveojmkkndgc6yeyd.onion/cat.php?i=32"
"onionland","Simple Index","http://ecxjiu4ibmm4hsbd6mwfsa7nwwibup5dmmg5o4vkp4oxnxp7cndkgtid.onion/cat.php?i=32"
"onionland","Cucumber","http://nrud2lfujxlaw4wk2w5bllngqalmnui5rzktqklvvjd6rwek5yhhydqd.onion"
"onionland","Toddlers Amuse","http://ln5wwmv7crzopfaut5nvvj5mxt72rqpopod6cew2f3e2prchxumbk2yd.onion/chat.php"
"onionland","Main Page | The Hidden Wiki","http://rhw7r43c2id7org7d35jj5r4mu377npfed23qgic2qr2tvh743lgohid.onion"
"onionland","LoliPub","http://lo62tpt5wq5vtogjl3besqglmuuhxx5tecdmaimkgtynwlwknk733nyd.onion/chat.php?lang=ru"
"onionland","Porn and Erotic - Hacked Bangbros Account (8-9 Months Access)","http://hiddenuip5qlthdkbeqrpcfja4k5qr5urordvm4sm3gnz6wcy7yo5qqd.onion/porn-and-erotic-hidden-marketplace/fresh-haked-bangbros-account-10-months"
"onionland","Tor Project Survey","http://eh5esdnd6fkbkapfc6nuyvkjgbtnzq2is72lmpwbdbxepd2z7zbgzsqd.onion"
"onionland","USSR BACK","http://f2orr56gkta27iqvcpeum42xlkauj4zunvhewdebfbh3hvk3xt2v7aad.onion/chat.php"
"onionland","[Info] Facebook Helped Develop a Tails Exploit - Druckversion","http://germany2igel45jbmjdipfbzdswjcpjqzqozxt4l33452kzrrda2rbid.onion/printthread.php?tid=6246"
"onionland","Bitcoin Теханализ - What is it? - TOR WiKi","http://invest3cb2flzpqbn7bby5lmghapfg4z3wg5pxo2jis3muiedbu7y5ad.onion/bitcoin-fees/index26.html"
"onionland","(Untitled)","http://q5sfvah5e4isdmy5xxzoj37b4njsfmn3ic3qrrwvdtv4xhvvkbwnc5id.onion/girlsmix4.php"
"onionland","Onion List - Communication","http://onionax33cpuvzskcwcwobcv66qwcyfzo24yeowgjpmpp4mklq7fohid.onion/category.php?text=Communication&page=1"
"onionland","index – Phobos Search","http://phobosxilamwcg75xt22id7aywkzol6q6rfl2flipcqoc4e4ahima5id.onion/search?query=index&p=12"
"onionland","Adult links deep web — Links .onion dark web","http://z5zmar3i6yf4ds6nbbl3e4pxwptvotrrvlixmbtxsaw5c6vba5kcj3qd.onion/adult-links-deep-web.html"
"onionland","Оставить комментарий | Право любить","http://rtlovebxmpkcyl5oagy4uyvykg2tnn7cgowqxhpwxz2cphfdpobvh3yd.onion/comment/reply/node/89/comment_no_subject/1530"
"onionland","DrugRoutes","http://4h635ssto4t7ryhqyb4z4kax57f7iheoz7gg62ufp7dp6w3j67bjdhyd.onion?tab=sold&setlang=en"
"onionland","Virgin Extinction Island - Key Wiki","https://qgu356nwwy7dweo276qk6rkts4pgpgm3vjjmedsifunu5yope52vdbid.onion/index.php/Virgin_Extinction_Island"
"onionland","MasterCard Prepaid Card 3000 USD x10","http://deepmexzsejpzqid3k7knaas2p73dko6kxgpou7oey7vqtmrhopjyqyd.onion/platinum/mc3000usdx10/reviews/page-5"
"onionland","Commits · master · Andy / Radar App · GitLab","http://wmj5kiic7b6kjplpbvwadnht2nh2qnkbnqtcv3dyvpqtz7ssbssftxid.onion/xandyx/radar-app/-/commits/master"
"onionland","Hidden Links","http://wclekwrf2aclunlmuikf2bopusjfv66jlhwtgbiycy5nw524r6ngioid.onion"
"onionland","DeaChan","http://si3ejlflofkhujlhtqomonsznjmcrnv5auld7irjyyuaxugxd5wdjvad.onion/1.html"
"onionland","Logs for the Kovri Dev Meeting Held on 2017-06-25 | Monero - secure, private, untraceable","http://monerotoruzizulg5ttgat2emf4d6fbmiea25detrmmy7erypseyteyd.onion/2017/06/25/logs-for-the-Kovri-dev-meeting-held-on-2017-06-25.html"
"onionland","TinyIB","http://tinyib3eidonezb5loyenqdio63xopxlafify43o3iknh4emuuad5hqd.onion/res/1.html"
"onionland","MusicList","http://ps3g2ogwmj6hbv2pmpjxbs4n2mtgygxhvptmyoruf7yeywhrbuhusmqd.onion/Lists/MusicList.html"
"onionland","mods torrent","http://btdigggink2pdqzqrik3blmqemsbntpzwxottujilcdjfz56jumzfsyd.onion/1a8f54e40a5ee17ce486e610544c4b7a2400903a/about"
"onionland","Adria Richards - The Wall","http://4hibj72nwo2snbydl4bex6y6lljsdkxhe2w7khyddnufqhl46otnooad.onion/Adria Richards"
"onionland","NVSPC - (анонимная крипто биржа без верификации и лимитов)","http://qlbhw3u4csftbvazdhn7wmr5w2xzejqj6y7qjs6jkcnsadkitr426cyd.onion"
"onionland","overview by zodiacsoldier","http://kddit.kallist4mcluuxbjnr5p2asdlmdhaos3pcrvhk3fbzmiiiftwg6zncid.onion/u/zodiacsoldier/overview?count=25&before=t1_g8r153v"
"onionland","CGI:IRC Login","http://34vnln24rlakgbk6gpityvljieayyw7q4bhdbbgs6zp2v5nbh345zgad.onion/cgi-bin/irc.cgi?adv=1"
"onionland","Paul's Onion List | Safe DeepWeb Links | Verified 2021 DarkWeb Onions","http://hvtfnge37ktqhjuzrtxrstggxn45kmvbkiin4bhi5cy5cwplwe7abtad.onion?cat=1&pg=1&lang=en"
"onionland","Light a Virtual Candle","http://lz2wzmn6em6uaaqrbngn3nkjl7x647la5t62bppxdvxpkplwflm5vjad.onion/all-candles.php?page=1"
"onionland","New Facebook Leak","http://wildsykmfp3mve4bh6j6zj64urwlxqrxegryeumnh4mnr6w4xtjj6yqd.onion/post.php?p=25985"
"onionland","tor-brochure - Tor brochure","http://gzgme7ov25seqjbphab4fkcph3jkobfwwpivt5kzbv3kqx2y2qttl4yd.onion/tor-brochure.git/log/tor-brochure-ru.txt"
"onionland","HD Wiki","http://2hi7eqwee4oigkzeefnyv6zsroofkl23idbw3tkhjkm4kaunwxal33id.onion"
"onionland","HD Wiki","http://3sbxdlmhfzbk57gbsyzmrluy6djm6ienmuiofwp23jzm7oitgehaccyd.onion"
"onionland","HD Wiki","http://ilkdmydrg6r5gy7ri34upeord4jbj5ckigckooo73oxceilksh2m2cqd.onion"
"onionland","iPhone 8","http://deepmart5rrv4goqlstfa62gevyhpcgnq3hqfxcuae5ervcgk5bo5tad.onion/apple-jesus/iphone-8/reviews/page-2"
"onionland","VENDOR CHEMIST SHOP","http://exdkojvymlwn2ohhvcexirkik6spklvi77yrp4ydpdgyw2hhii5s6sad.onion/samplemessagetous.html"
"onionland","DeepLink | Forums","http://deeeepv4bfndyatwkdzeciebqcwwlvgqa6mofdtsvwpon4elfut7lfqd.onion/Cat/4/Page/2"
"onionland","Trust wiki","http://wiki6dtqpuvwtc5hopuj33eeavwa6sik7sy57cor35chkx5nrbmmolqd.onion?section=torrent-media"
"onionland","Cryptostamps: Buy Postage with Monero, Bitcoin","http://lgh3eosuqrrtvwx3s4nurujcqrm53ba5vqsbim5k5ntdpo33qkl7buyd.onion"
"onionland","The Gonzo Diaries | The Diaries of Dr.Gonzo","http://drgonzotwg3ric3bte3k4yucehsrbljnn3cj3c3lv5brvbmy4vpfm6yd.onion"
"onionland","Onion Link Directory | Adult, porn, CP, Pedo","http://nuxfuihjbbjv4g5cebjj4zjyvab2dwzeiljln7iudue5zfvoumf7gkyd.onion/adult.html"
"onionland","Visitor statistics","http://rkvwooasau2goqeamkqbade4yv2hnt6dc4ol5kgnaaoihdbhqrfxokad.onion/counter/visits.php"
"onionland","Tor Relays :: mamba","http://d6amkx45augz4kskvjryv3bmmwyf7vw4k3uwxsh5egnibw2igl5aozqd.onion/relay/92E807AC5E23CCD9FE623EA4DC020B1627A0D09B.html"
"onionland","Search engines deep web tor — Deepweb Tor","http://j6xwg7kd6rgthgw2s2jc5sa2jrwzi2c7hx72uezohpmnapxg3sjrbyad.onion/search-engines-deep-web-tor.html"
"onionland","Marianne","http://sojab3crqc6sssoqx65ugwthy4zahu4fddjc45ipgj5d3pwigntsujid.onion/marianneRU.php"
"onionland","TruthBoard - General Events","http://k5aintllrufq23khjnmmfli6uxioboe3ylcao7k72mk2bgvwqb5ek4ad.onion/viewforum.php?f=25"
"onionland","Max Kei (@keidunm) | nitter","http://nitter.l4qlywnpwqsluw65ts7md3khrivpirse744un3x7mlskqauz5pyuzgqd.onion/keidunm"
"onionland","COVID Pass GENERATOR","http://passu3gmqbfhjxvsdsu4nexzciqhd5ewvflgfa3rbnwnocbwxanydmad.onion"
"onionland","Postfix Admin - torbdsoamdsm6rpb6ndhfktb5eff3fbgdygosqnuxvnnntt2jelknxid.onion","http://torbdsoamdsm6rpb6ndhfktb5eff3fbgdygosqnuxvnnntt2jelknxid.onion/mbx/users/login.php"
"onionland","CP Movies Links","http://vtdgwuzqwtdyrecaud4wdtgyte3m63wii4oei5oyrvdffeetpezhbzyd.onion/index.php"
"onionland","YesFap","http://blackmazzm6g7kiok4a7tdkhnwik5w3dxynl22po3ih2rp6zwolgfmad.onion/yesfap/reviews/page-2"
"onionland","yatl | The Deep Searches","http://searchgf7gdtauh7bhnbyed4ivxqmuoat3nm6zfrg3ymkq6mtnpye3ad.onion/search?q=yatl"
"onionland","Alaskan Thunder Fuck- Cannabis 100g - Drugs market","http://ofhusuznhfnmtli3l6r3xizo27zoymka77dzehkeib56fhuxrcloy2id.onion/product/75"
"onionland","Alaskan Thunder Fuck- Cannabis 100g - Drugs buy","http://hpcphv5q3lhiebh6c765lslihne4tn6ui5dnd636eo2ic3ytv7c72qid.onion/product/75"
"onionland","Search Engine Dark Web, Links for Deep Web , Market list Deep Web","http://ojkuk5dyitevhaoys4aol3a74rpm2c74nrexalqq6n574m76qkijw2qd.onion/search-engines-links-tor.html"
"onionland","Alaskan Thunder Fuck- Cannabis 50g - Drugs market","http://bnkgnccepweowy5oqxuop2w576rdlyerqtfi2qh3slxrqh4towrlcead.onion/product/74"
"onionland","Onionbook","http://oniojooru3aznfbunt6zfr5znn27cpkn7dymjetoulrub7pyyz6qdbid.onion"
"onionland","Alaskan Thunder Fuck- Cannabis 100g - Drugs market","http://ib62tqf55t7f34ay7fhspcgk2a43pjkwquegwkhcewivratwg2oy3mad.onion/product/75"
"onionland","Bitcoin Mixer - Coin Mixing Website","http://as5ywe742wx3vmfkab5v67qzvmsv2kx2gfemur72afpskhrk2cubmrad.onion/start-mixing-step-2/BTC.html"
"onionland","NiceVPS.net - Shopping Cart","https://nicevpsb7u3vqpo5zhyahmvfi5tihon4gnh676ucmzpcyxwodeztr4yd.onion/cart"
"onionland","Alaskan Thunder Fuck- Cannabis 50g - Drugs buy","http://khsnou3d7qfftrzcagmpzsbaippr5sjpiyb4itofkhoelvkzcics7oid.onion/product/74"
"onionland","Link list v.3.2","http://torv5dp5n46htkqu42r3ywtt75ll2zu24a3yhcsgm6aslp43woclc2id.onion"
"onionland","CrypTor - private message","http://cryptornetzamrhytcxhr3ekth6vom4ewns7pqxtywfvn5eezxgcqgqd.onion"
"onionland","420 Weed Store","http://42sddapcfynhohahphlzor57qzff6efr6expfxcovcj4pqjv2rqv4byd.onion"
"onionland","Fresh Onions","http://s7krk5wnti7jnr7chb2pwfkrengvsggtuhgu27et345rnlpmoibletyd.onion/onion/russianyhluzsk53.onion"
"onionland","Shopping Cart - Home on Currencies","http://yomdcw7hojl2rzylhx2m3qfz5imuxaegbkpfmnvumyffwk6knuwfwgid.onion/shoppingcart/index.html"
"onionland","How do you check for cheating in a relationship? - PrivatService","http://vcihq6mxfpvk36cd33youj2zwxqpgnx4xi3i5pq7zivtjeot75wl3rqd.onion/how-do-you-check-for-cheating-in-a-relationship.html"
"onionland","Alaskan Thunder Fuck 5g","http://potshopk4eov76aciyranqyq2r3mszuvfisvneytodfxo56ubha7doqd.onion?product=alaskan-thunder-fuck-5g-new"
"onionland","Black Market - Guns Arms Ammo Drugs for Bitcoin - Supplier since 2001","http://weaponscrzmjlddczhls5dhestbh4m4iyo62dzng3tpppatajl4vpmid.onion/shop.php"
"onionland","KING CC - Best Sites to Buy CC 2021","http://kingcvvkagvb5u3alnwahns4e4cxjhrnrqypwfc47i5b7ivvhsmezhqd.onion/login"
"onionland","남성가족부","http://xdb3grkzc2fpo7ymzvru7v2rdahtcyaocldwr5rp27ag2bsfjo24anad.onion/20.html"
"onionland","Semen alert!","http://ejaculatelqqkdhpjvjzhjpuldfuup2q37cfgmf6eknikq5xkliep4yd.onion"
"onionland","Young Taboo Child porn","http://5ngyzv6drqqw4putwej6pz3546b5uuufgczwqfgs7ezltsuabtu2ncyd.onion"
"onionland","Archive","https://kpzscgdqezpen5zpnc4gky5vx4r56thl5syq2x45j6hbjy5w7tjilwid.onion/Archive/_index.php?post=finallyopeningthissite.php"
"onionland","Шедрая Жадница","http://ek6g6judb4dvlubztyqgha2yhjbvj32menp6asgkv5qr5tflfw5uuwqd.onion"
"onionland","Arvin Club","http://3kp6j22pz3zkv76yutctosa6djpj4yib2icvdqxucdaxxedumhqicpad.onion"
"onionland","PrivateBin","http://bin.l4qlywnpwqsluw65ts7md3khrivpirse744un3x7mlskqauz5pyuzgqd.onion"
"onionland","DarkToolz | Crack the Hell outta Web!","http://az7wzedqzy7bhwr4ia4ehdhetyxqutg2wqkcspiz44c2okxtanbq5rad.onion/Index.html"
"onionland","Ganbatte","http://ganbte7ab7ngh73d4v4oyaoyuwqrriddfznvxzebak63jxnlwuleunqd.onion/1.html"
"onionland","Boards","http://frchano4z7wr37nlzogiboypoc7hvwrtskkexk2chtjmbioysevmetad.onion/boards.js?page=1"
"onionland","A Crime Unpunished: Bangladeshi Gang Rape - Invidious","http://vrg2a4cdxlngik5fkx6hbkslmd6yybsnot5bcegx6cfc7xja2t4r4zqd.onion/watch?v=XY7QOlqirns"
"onionland","Explore - OnionSound","http://soundjghqbfmmjefp4i6ouzkflc7xuyx7abginiztclg5pfkrskzwjad.onion/explore"
"onionland","Alaskan Thunder Fuck","http://wacky5h6yuqcf76qyceh5jc6biphk2jr3g6ltktjvn3fsxu2jmvxxvqd.onion?product=alaskan-thunder-fuck-25g"
"onionland","The Hidden Wiki","http://ydyyagsaykxw4sl6tlrqhxvoppvdufmegwauhsieeheq5wc2omfsijid.onion"
"onionland","Databases Emails Clients Forex Business Investor Cryptocurrency and Other Email Address List","http://xdawkzofdlmsmsjmodr5oyzroqltpr3xo6p443cuplwefbqtg2w5tcyd.onion"
"onionland","Buy password protected wallet.dat with 49.94 BTC","http://wallns2kgvmoswogbtfpmvl7mdk2lc7ikn2mlyg3wlffxsftbfxcqtqd.onion/49.94btc.html"
"onionland","BoysLand-2","http://ygx5ek4op42ljsxcbg6jsx4k255eggn3cj65z5xkf4iei5frwvvkr6yd.onion/chat.php?lang=uk"
"onionland","git.qorg11.net Git - kill9.git/commit","http://wqj3knuwktglfjkqquk23at6e5vvjftmc5p2i23smcw4fw7s4krdqeqd.onion/kill9.git/commit/654480d04fc31f7530b8e98b0db62d1f52c80d96"
"onionland","Verizon Carding Method","http://3bsrt5o6w2qysgecuwayxgnadtwzexycfab2qxojkz53mhdpzwwr46qd.onion/verizon-carding-method/index.html"
"onionland","Who have been fully vaccinated against the Corona virus (Page 1) — Off-Topic — UnderMarket Reloaded - Forums","http://ubcozsnuxytevjhvarzci6uijze4uerztxmk7wkwq3hleub5pjdc4xad.onion/viewtopic.php?id=446"
"onionland","Databases Emails Clients Forex Business Investor Cryptocurrency and Other Email Address List","http://6eqt27btaq5sadvng3eyemqfmjhbdv6qxfmxannccg4dgql3fsmepuyd.onion"
"onionland","Discouraged sites | Darknet Home","http://catalogpwwlccc5nyp3m3xng6pdx3rdcknul57x6raxwf4enpw3nymqd.onion/hated"
"onionland","Forum rules / HM Forum","http://hotmilkd3hjt3xlkkbjugs23b3yb7fsh7ua2j2agcru4smie5x6yjiqd.onion/misc.php?action=rules"
"onionland","King Money | Accounts","http://vxjs7n3slnmp4gtos36orw5nvctryd33r5pffs3o25wdzbbg3cru67ad.onion"
"onionland","THE HIDDEN WIKI","http://vd2otbxbs3p7hm2m5rcwqwds5sm7oy7umn3cj3s2zbraywh7ovfhsiad.onion"
"onionland","Invidious","http://invidious.3o7z6yfxhbw7n3za4rss6l434kmv55cgw2vuziwuigpwegswvwzqipyd.onion/feed/popular"
"onionland","Raklet, Top 100 Popularity","http://iwr4usy33opfclmbyemzbmnwwnmmqpqltezpac7fyqqkdv3mabtm6kqd.onion/top?popularity=true"
"onionland","DSM Hackers - All Hacking Tools And Services In One Place","http://hackerss4ptfozouwjix72eh2y7cu2v72nz57c4myjdceejqfwnz3zyd.onion"
"onionland","Теремок - Search","http://5hxxw4p4adget6dkbjflg2cfmktf5ojoq2sw5xyr6v4ekz6b4x56drad.onion/search.php?author_id=48&sr=posts"
"onionland","Hire a Hitman | Hitman Services | Hire a contract Killer","http://lj5ponocadanu2vi7ol2g7o5h5btsql7twh6vlmys6ejvgybbfp22kyd.onion/u/Adzul"
"onionland","COMPLETE TUTORIAL ON HACKING INTO PAYPAL ACCOUNTS | carding dollars","http://5ypmagx2jzqehejemitb7auhpi27n5l3km6pq3lww5z7qiytnbkti7qd.onion/COMPLETE TUTORIAL ON HACKING INTO PAYPAL ACCOUNTS.html"
"onionland","Onion link list","https://donionsixbjtiohce24abfgsffo2l4tk26qx464zylumgejukfq2vead.onion?cat=2&pg=1&lang=en"
"onionland","Fast Money | Accounts","http://gi52hycncjhwjlyni2ujtmd3jpc3d6zdwky7urzazr2le4iqe2dkgtid.onion"
"onionland","$$$ Credit Cards | PayPal | Wester Union | MoneyGram | Accounts","http://2cardsowr7u7uvpyrnc5lxuclhb4noj6q2cqf2so7ezg2zufntkjefad.onion"
"onionland","Fast Money | Accounts","http://pbe3vde7rq3oteywxm2omucxkppu3mhfka4n7sivfkzwaiptkvjnkpqd.onion"
"onionland","Fast Money | Accounts","http://gnwswoek64y3r5ti4xlhnrz6gg6jlb6q2zc75n26uhm4sptl5zplipyd.onion"
"onionland","King Money | Accounts","http://ccardsd4viwcmdbgwpgip2hx5uusu3ppo6ffzndvie4r6pmj4woalhqd.onion"
"onionland","Fast Money | Accounts","http://5d7d4tzgy4pk47g4s64guw2efsol7b5mbfewthsgxdkknnkccuztxjyd.onion"
"onionland","Fast Money | Accounts","http://tbu5x2qp2xhgxkpmmfpzol6ceo4rkfauifwjcs4s7ra2pbfb76xlv5ad.onion"
"onionland","Fast Money | Accounts","http://3awmbpnwrvg73cyf6ybr3chqur7d27s5h36pnb2ozas6gj6h7v775mqd.onion"
"onionland","Fast Money | Accounts","http://codgq4q2odlpyowxqon74odris63kae7nt3yffjg2xb7rhvvb4t5ltqd.onion"
"onionland","Fast Money | Accounts","http://xfqqc2y4x5wz6hktxbstvkh22hiol5ts5sajrrhvft6v2fj2nxpalayd.onion"
"onionland","The Resistance - Rules","http://duq3tqhwuvghxskmq4g4y4bvn342ow76whgolrbbwf65wh7a6nez7iqd.onion/app.php/rules"
"onionland","CASSANDRA | TRUST MARKET - first Escrow market in DarkNet","http://trustmdsuask3i5isnbvxv4n6qtpx2iflbbbsuf25txkft3i7a4jk6yd.onion/vendors/cassandra_"
"onionland","Dark Flippers - Serious Middlemen Only!","http://eli6fp74oq4mhla4nljh4xaqvvz5wu4tokvmkuc36m4zf3kaobkjozid.onion/spain.html"
"onionland","databases","http://p2blcmrur23gmaw4lm36rtka6njclzlaymcmnh4c7ytliuon35eouhyd.onion"
"onionland","Omega Flippers - Serious Middlemen Only!","http://427b566urhnglxjn526xib5x373agyyygo6zpjx7he4pvjg6a2m3ilad.onion/spain.html"
"onionland","Settings","http://metagerv65pwclop2rsfzg4jwowpavpwd6grhhlvdgsswvo6ii4akgyd.onion/en/meta/settings?fokus=web&url=http://metagerv65pwclop2rsfzg4jwowpavpwd6grhhlvdgsswvo6ii4akgyd.onion/en/app"
"onionland","Tornado Market","http://2j4rk46rjigdiuzh2jv6hhjgkzu6hnyvj2kcyhyzs6eflb3mnvmyp3qd.onion/register"
"onionland","Chat Rooms (V3) - TorHiddenWiki 2020","http://wyzukrvms4rssons656laojjsp2xp3jqshfgclqh7kxcnhqu3mudfoad.onion/chat-rooms"
"onionland","Pay Apple product","http://tz4chzcwatvj4b3dbawkqjestjgoaknzcedtfqs3q352zcth2ddhwvyd.onion/cart/chekout/index.php"
"onionland","Search - WeAreAMSTERDAM Shop","http://amster4mdi4ls27irjhe3ul6hzha5itf6naifanpfbdbfybclbnqipyd.onion/search/products/3a2661db-0005-4233-9634-0e81163dad57"
"onionland","Search - HeinekenExpress shop","http://heinekiedg3fnlq2a3l3bij3veashlp2i6e7r645io5vcrnizxnwucid.onion/search?page=2&vendor=HeinekenExpress&sortType=None"
"onionland","Search - WeAreAMSTERDAM Shop","http://amster7eb42jwbx6umy7gs4migxnu5vjp5b5t5wbdtmqv2yhx3zsb7id.onion/search?categoryId=d46ce398-b74f-494e-a3cd-e638d6c3637c"
"onionland","Search - Tom","http://tomjerr2cwoo2icmq2ijvmao2bjkawhtw2c7n6vmzqzomkyqea2o5dqd.onion/search?categoryId=2427c64b-3424-4c37-8f06-fa38bf5fe11b"
"onionland","LocalBitcoins.com: Fastest and easiest way to buy and sell bitcoins - LocalBitcoins","http://localbieefvwebymcf2heege67zwqarqicg6ziawku5xgi5kbkdqjgqd.onion/sell_bitcoins"
"onionland","Search - HeinekenExpress shop","http://heinekexxo77vjgmasoq3xqxqwndq74iq7grpqw3bfvdpb6vcmf2kcqd.onion/search?page=2&vendor=HeinekenExpress&sortType=None"
"onionland","Verizon Carding Method - Fullz, CVV trusted shops review. Is Legit ?","http://7h4ubxxtdf7sbayckr2r244f4mkocohpre23cej4uytwqep6qs7xwhad.onion?p=292"
"onionland","Weird Log","http://blog.pl7ikdtkxbs2tig4aqogoexn55nb33637m6ue7p57iumscspgibbb6qd.onion?cat=4"
"onionland","Bill Radford CHILD MOLESTER - Hacker Training Challenge","http://7vsqys74loyjzfzyxdsy6p34f5fsdbg6ky4iu7ml2qb2vifkeaseayyd.onion?add-to-cart=679"
"onionland","Porn | Cracking Island","http://cisland46psf56panbm2japxoxeguqekmataim54kn2ysucnk3yo7eyd.onion/category/porn/1"
"onionland","Buy Rohypnol 2mg Tablets Online.","http://gh5gewziqmm5twfn2dpwap6t4dwp44emi4smzmw3f5lqc3natfbcpuid.onion?product=buy-rohypnol-2mg-tablets-online"
"onionland","OpenRoad Market","http://sqbowavylv5bt3zg6w5pmz5tzyqsosn35hhjwkauezzlruiz65ywa3id.onion/register"
"onionland","The Hidden Index - Search Engine","http://7j7kvbofntfxibmaq5roro2s4574fuomkjl66uiwyvroht2aritq27id.onion/index.php?category=1"
"onionland","peacemaker/vector-rest-api - Gogs","http://snw2i6zk7htxx7dtejpc7mq7omk7zxkpoczi3k6af3rmpmuxfvig2rid.onion/peacemaker/vector-rest-api/src/master/models/countries.go"
"onionland","1person/StellarKey - StellarKey - Darktea: Dark cup of tea (Gitea on the Dark Web)","http://www.it7otdanqu7ktntxzm427cba6i53w6wlanlh23v5i3siqmos47pzhvyd.onion/1person/StellarKey/blame/branch/master/steam136/steamps3params.h"
"onionland","November 14th in Kazakhstan Will be Held Mining Forum TerraCrypto - Invest with Doubler Bitcoin","http://e2mtjhwu63uox553pyhs72h6sjho45zwxf3l242b3t52y4z6mw542uid.onion/november-14th-in-kazakhstan-will-be-held-mining-forum-terracrypto/index.html"
"onionland","Hire a hitman | Hire a killer | Hitman services | Wetwork on onion","http://hitmwux4w2wmg5oeqjqzgt6aeqkficlkjw7rejwkbec4xxye7prpxkad.onion"
"onionland","White Widow 60g / 2oz","http://k5xjq7qjznec3e4piekgripeccmwntzsbjye5culonlpeg2nabxg5oqd.onion/index_14.php"
"onionland","Register - King Cashout","http://kingxgja6o7zl3fyiuw2cafyuwp2lfxhoozs3lj2sdftdfzb53hy5zqd.onion/register.php"
"onionland","PAYPAL - $170 TO $6500","http://nocxmhntyhc42h6f2ipnjtvudlr2i42vy5zvbm4rgpfgbxyvur2uudad.onion/PAYPAL170.php"
"onionland","Shopping Cart - CashApp Mafia","http://mafiaubmzkeimljdhv5pa7wfr7lveyvceshaj2myeol24enu7rlh56yd.onion/cart.php?a=checkout&e=false"
"onionland","Search - DutchDrugz","http://dutchdfxnrnknbs3cx3rq43llfr5xlym27k6ctjyaa6zmcjyf5o5o7ad.onion/search?search=cure,&sortType=ALPABETICAL"
"onionland","Search - Cindicator shop","http://cindico54aqocrj7zzp5r5wiole6zkiiykyws6ou53o4vs5ehblsrsid.onion/search/products/ce1d4564-fcf1-480d-a39d-e2bc33427390"
"onionland","Short video game reviews","http://digdeep4orxw6psc33yxa2dgmuycj74zi6334xhxjlgppw6odvkzkiad.onion/ghost/shortgamereviews.html"
"onionland","Доски - М.Двач","http://m2chfapiswfw2wcakptqp4o6ltgchvjuxfab7urxlduraomtlnhw5xad.onion/boards"
"onionland","Crypton.sh - Secure physical phone number in the cloud","http://cryptonx6nsmspsnpicuihgmbbz3qvro4na35od3eht4vojdo7glm6yd.onion/canary"
"onionland","TracUnicode – DTG projects","http://dtracxgcljuzty3pth43wavsszld4ohjkt7r5tobagl3lqvmew26ycqd.onion/wiki/TracUnicode?version=1"
"onionland","Register Account","http://ghxnewdtctepl2zjabpn7j5wtshmuegrpoqu5usnofktgmbcz6byceid.onion/index.php?route=account/register"
"onionland","Info","http://executbilsygr2ovfdcnwqvn3dng7iskl24karrxto7um4s5aw27xbid.onion?page_id=492"
"onionland","bluefluke","http://bluefluke.kallist4mcluuxbjnr5p2asdlmdhaos3pcrvhk3fbzmiiiftwg6zncid.onion"
"onionland","Changelog - Bitmessage Wiki","https://bitmsgdyvsmwgsimkxplisxbzpewvkhfm3fmomzd63apaymaxiznz6ad.onion/index.php/Changelog"
"onionland","InfoCroc - Phished Pedo user/pass combs","http://zesrjelnymntpzxqhd7vvw2lenrqwj5fnq3ng2tvyp27mejdorncqiid.onion/archive/index.php?thread-7_html="
"onionland","Shipment - DutchDrugz","http://22humhreuvurtshun3q4wka2mj4v7scnptlnk7kl2jbgomat34xsqlyd.onion/content/00084771-4e3e-4e02-8fcb-d96caf0e3108"
"onionland","A - Z Index - Page 1 from 12","http://www.dwnewsgngmhlplxy6o2twtfgjnrnjxbegbwqx6wnotdhkzt562tszfid.onion/en/a-z-index/index-en"
"onionland","MyTeens","http://qjxtw46h6hot6la7xdtux72hcx63u3yp6yeab7xt2iyrzecr6vfd74id.onion"
"onionland","hello, anon.","http://6fjdick2oiypvkuxz2vwt34yzinf4tv6vixki4ghp535pxvv2i7vahad.onion"
"onionland","SuprBay: The PirateBay Forum","https://suprbaydvdcaynfo4dgdzgxb4zuso7rftlil5yg5kqjefnw4wq4ulcad.onion"
"onionland","Bouffe de soutien aux anarchistes emprisonné.e.s par l'État russe - Marseille Infos Autonomes","http://vap3miljiaw72s6k4jto2xrhecodjv2hhar5cd45gjbgmutkx7q6s2yd.onion/bouffe-de-soutien-aux-anarchistes-3903"
"onionland","Hades Onion Directory","http://hades3nre5yvwmoy5h4tgitvqu56e5j4euaatvyp62regy3ivwhwjwad.onion"
"onionland","Onion Dir - List onion links - Wiki urls darknet.","http://ps62iw5qirqdq5jxxkxwbgzpkbetz3mba5momh7woq7eoobjadwbikqd.onion"
"onionland","Buy Chile Real Passport | Chile real passport for sale","http://dsbawehn5fpjygwixyuohwn4lnsoa2xilt2n47ppcvtmehqhfkq5cqad.onion/chile-passport/index.html"
"onionland","hidden cards - trusted vendor | on Tor66","http://tor66sewebgixwhcqfnp5inzp5x5uohhdy3kvtnyfxc2e5mxiuh34iid.onion/search?q=hidden+cards+-+trusted+vendor"
"onionland","fuss:latex [Wizardry and Steamworks]","http://3wymlmcsvxiaqzmbepsdawqpk6o2qsk65jhms72qqjulk5u4bgmvs3qd.onion/fuss/latex"
"onionland","The Illuminati and The Protocols.","http://jah777geov3jayctltl6e3wdungj7nre7vpdpgodrowp6iyla3f4c7ad.onion/illumin.htm"
"onionland","Facebook Password Hacker - How To Hack Facebook Password Online","http://opdz3nfh6n54ndhle4nkcbecn7ozfuowm5c6hlclvhcwndeg3tr5vrqd.onion/facebook-password-hacker/index.html"
"onionland","Links TOR 2019 Wiki links TOR 2019","http://ix747ramagt6hbwtx7aw6k3ir3wobiwgfsbcw3is2ch3ozgkyth6zzqd.onion"
"onionland","Links TOR 2018 Guide links TOR 2018 - links to the dark web. Directory links onion dir to a hidden network, a wiki site with links to dark dir.","http://hstndter5bxzz72apkkwcpkklq5gejsybxld5qc5jwwiu6eleclpanqd.onion"
"onionland","Lolifox, the infinitely expanding imageboard","http://kdrlbdzp2kzhofos5nfzd7ohz6f6n4fuwrkhs7adgx3l7rvhlqna3cad.onion"
"onionland","TITAN-XMPP | TOS/AUP","http://titanxsu7bfd7vlyyffilprauwngr4acbnz27ulfhyxrqutu7atyptad.onion/tos_aup.html"
"onionland","PayPal Money Adder v2.0","http://paypaltlibfm2bfayf5sanyceoc5nf5p2vkwjiqsjtoq7i65gtwd2tid.onion"
"onionland","Links TOR 2021 Wiki links V3 TOR 2021","http://63p5v2beuzfks362to57db2ygxw2mcslmfoj55k4vu3ng2bkf4kolbad.onion"
"onionland","COVID-19 p(l)andemic - Page 5 - TruthBoard","http://unbfi44beyfhqpcjkwkbspxdoqzy6qcxc3wkqqxxeviyzcekaxztgmqd.onion/viewforum.php?f=10&start=100"
"onionland","Sputnik V (1000 Shots)","http://skingykcpkkenvhhlg5vdsitvdoefkbo7frfiv3gscue66ynvuqq7bid.onion?product=sputnik-v-1000-shots"
"onionland","The Light Hidden Wiki","http://zaejy2lskzkbxo5vlc3qxs4mpwg25lgoadwtwxquvhkkq5eid43oqryd.onion/wiki/index.php/How_to_Exit_the_Matrix"
"onionland","The Light Hidden Wiki","http://wikinok23f47l6rgweuftartpi2bubf2nnznk6y5tdfq3rupy5tamnad.onion"
"onionland","Jake's Thoughts","http://y5wnzw4e6i7srm2gqadlow5anhlaj5avdkzbwzbmrxwkygxdp7ffieqd.onion/anime.html"
"onionland","Benscomputer.no-ip.org - Home","https://e26whn2524322mkxb3cbyk27ev2ihhq2biz35hty7gzgsyrwrygq27yd.onion/images/benscomputer_no-ip_org_Archive/archives/27-04-2007/Index.html"
"onionland","Luckp 47 SHOP","http://yhbvzs7pqlmxfj3ubgrnamwolcqzrv3ogvigmividi2jcuwmm2y4ujad.onion"
"onionland","Catalogue Proj","http://jxqbokadnljxtkmh5fajwcuop2xz62xdnpi4xu5hvlud4kosandnghid.onion/catalogue.html"
"onionland","Nerve Center - LOCKDOWN+FAQ","http://coronanmefrl4q2itzzx6m4wa4nnslxwhiqms4bpxvttx5pyvzwt32yd.onion/Articles/LOCKDOWN+FAQ"
"onionland","Product reviews / NZ Darknet Market Forums","http://nzdnmfcf2z5pd3vwfyfy3jhwoubv6qnumdglspqhurqnuvr52khatdad.onion/viewforum.php?id=9"
"onionland","Weapons Scam List | Dark Web Official","http://sfimaert4c4xqd7h5bh4jqrhkxvuwmprsts2ytfdlxsi4f3cwziuryqd.onion/dark-web-weapons-stores-links-list/index.html"
"onionland","New money | Checkout","http://bqwdfblf2ts4lt7ddp6zrejk5bpyaiejrahjuabr66y6acusjslu4ryd.onion/eurplatinum.htm"
"onionland","The Way it works","http://em2x3tbocbuqih3jzkgpz5gpurowxrlqnuolhzlu36d6ytpblnmgmnid.onion/checkout0382.php"
"onionland","Preguntas recientemente etiquetadas como deep-web - Respuestas Ocultas","http://es.answerszuvs3gg2l64e6hmnryudl5zgrmwm3vh65hzszdghblddvfiqd.onion/tag/deep-web?start=425"
"onionland","Wiki onion urls | Tor .onion urls directories","http://oo5q4hv2utagd3edrajckrzuewuvusivz6ryoay2mzdlqwozsmdmydad.onion"
"onionland","Розташування українських сайтів в заплутаній мережі ⋅ Plume","http://plume.l4qlywnpwqsluw65ts7md3khrivpirse744un3x7mlskqauz5pyuzgqd.onion/~/KillBill/розташування-українських-сайтів-в-заплутаній-мережі"
"onionland","Brown-Forman Company","http://ogcuuz7r7cv4mg3vwxr6dmq6q4hnqjj3nfkq7wdn6sp4d4hny5pnpnqd.onion?dir=Brown+Forman+Corporation+Part+2/3"
"onionland","Register Account","http://fakeidsl6heqiweaaus47coxmvcpzjqjdwmf4dkagbhoqmfbuadegjid.onion/index.php?route=account/register"
"onionland","HIDDEN WIKI FRESH 2021","http://ieeppzy7cz254nz2iz7omykshnlap5ktjq3r7ujfpxagygaobpxfdbqd.onion"
"onionland","Tor Project: Press Page","https://jqyzxhjk6psc6ul5jnfwloamhtyh7si74b4743k2qgpskwwxrzhsxmad.onion/press/press.html.en"
"onionland","Tor Project: Press Page","https://wosihptqvevjrjxqipafogjmwn22kqktgsibfmmnfxl7wb7sqq5xfrid.onion/press/press.html.en"
"onionland","Scam List of Tor","http://torscamflmnjzpinrbljmnrlmtbe7a76uzpxfnzed73rjufunxg3vbad.onion/submit.php"
"onionland","Verified links","http://wikiybs4pavlvnspfqgcwqmetepsb2kjndcmin4tbc5jwnm2i24ifpad.onion/verifi.html"
"onionland","(Untitled)","http://jgsddmoydcdgspb3amzsk4ejt2jphn25cdmps2hf6wba6gfbzgj5nqid.onion/For Dummies/For Dummies.htm"
"onionland","Cryptocurrency - Kiwi Wiki","http://py4ajiixzsrncplhbhv4kt44ibuzsqktezhmong6ureuz2mya6tsziqd.onion/index.php?title=Cryptocurrency"
"onionland","Tor Market","http://rrlm2f22lpqgfhyydqkxxzv6snwo5qvc2krjt2q557l7z4te7fsvhbid.onion/products/461ab232-5b11-4919-8d8d-66986c738af0"
"onionland","""","https://duckduckgogg42xjoc72x3sjasowoarfbgcmvfimaftt6twagswzczad.onion/html?q=""Mohammed+Cohen"""
"onionland","The Hidden Wiki","http://nf2nip7s2235bzv4zw2vpndctw2bkz6qgzut6n7wx62sud5m27o5fwad.onion/wiki/index.php/telnet://qm3monarchzifkwa.onion"
"onionland","Countries | Dark Web Wolf Street","http://dwwscsu2ha72pkq57ptzavvfp4hpihxahj342wlknl7dhd7noptbadqd.onion/faq/countries.php"
"onionland","Able Guide","http://bb6vtkifufiqprr2vr54sbofozxd4g63iy4d65gvayx3eyyhejkrljqd.onion"
"onionland","Cake Wallet: More Suggestions - Kay on Crypto","http://27blltx6kt26k65umbs2tme6rhv4i7rhagnzzljp3bsoqfkj6w364sqd.onion/cake-wallet-more-suggestions.html"
"onionland","How we approach cybersecurity topics at the Tech Learning Collective","http://lpiyu33yusoalp5kh3f4hak2so2sjjvjw5ykyvu2dulzosgvuffq6sad.onion/2019/08/10/how-we-approach-cybersecurity-topics-at-the-tech-learning-collective.html"
"onionland","Merchandise - FSFE","https://fsfeorg3hsfyuhmdylxrqdvgsmjeoxuuug5a4dv3c3grkxzsl33d3xyd.onion/order/order.en.html"
"onionland","Hidden Wiki","http://qoxhmmtnfavcak2p72crv55djode5ia77iqkqq66kgzvqp7uiprtmfyd.onion"
"onionland","Hidden Wiki LIST","http://lbrcxsl54r5ty5rsoklrzae46aobuh2g2z6gm2burvjqwi2na3tob6id.onion"
"onionland","Hidden Wiki FRESH Catalog of onion sites | Tor dir list","http://ynldithebgvuvwbfnul2jspfeh7sl4cc47pxo4nt4phsk3crzcvtfyyd.onion"
"onionland","Links Tor .onion dir","http://4n2klqz6mg4umjmshu2b4nqvaitamuoxrwhcqquniv3fqo5okiv7xzid.onion"
"onionland","Fresh v3 onion links","http://ydp7o7rnziiygkpgji5jgyc2dsjgx623gmlrqww7iuirnzo2qi2f55yd.onion"
"onionland","Search credit cards","http://ywzu32nsn65mqefzgzo4dtv5lgerqhynzu6rptagm77krxleqdl5mmyd.onion"
"onionland","Buy poison | Order poison for humans | buy truth serum | scopolamine | buy cianide online","http://agujxtyqs4u666vl6o2siuesxwjyf2kptv7owdpckjdt3hjs4hwmpvad.onion"
"onionland","MEGA DARKNET MARKET","http://mega4aiges3rc5whyafevkjwrjtxxtngulzarlve67adjtyp6t2uatid.onion/stuff/index"
"onionland","Hidden Wiki Fresh","http://bv42dik6lu2ou3fyexeiy2y3eady3ldu2ow775l5anccgxpgqsw2jyyd.onion/doku.php?id=start"
"onionland","Western Union Hack 2020 - Western Union Bug Software - WU Hack apk","http://tjbzvoksktmyp5persmajdieoacpockpbvwnhf4tztpwy5xthwogiwad.onion"
"onionland","Pysa's Partners","http://pysa2bitc5ldeyfak4seeruqymqs4sj5wt5qkcq7aoyg4h2acqieywad.onion/282-1.html"
"onionland","Hitmen list on dark web, complete reviews","http://hitmenzzuy7oncyhb4gle3aioneoiwon4cwlo3ui7rro62svgagef7id.onion"
"onionland","[LOADING ACCOUNTS SERVICE ] UP TO 200K$ FOR PERSONAL ACCOUNTS","http://x73avew2lccvw72j5f2ma6tqixfornfm75fx2trri4bj3pg7xzpap4yd.onion/product/samsung-163cm-65-inch-ultra-hd-4k-led-smart-tv-65ku6470/index.html"
"onionland","b - Catalog","http://onionch6w7tfrf4exxyvivkavfz7cqxa3i4uud4qrrp6esul2yqye2qd.onion/b/catalog.html"
"onionland","preferences - searx","http://searx.l4qlywnpwqsluw65ts7md3khrivpirse744un3x7mlskqauz5pyuzgqd.onion/preferences"
"onionland","DUMPS FULLZ AND PIN TRACK 1","http://n5rd3gjml27uk5r3xbifjrvmflxl5jnizztbnzwy47sr5hsw2nznk6ad.onion/product/dumps-fullz-and-pin-track-12"
"onionland","προτιμήσεις - searx","http://z5vawdol25vrmorm4yydmohsd4u6rdoj2sylvoi3e3nqvxkvpqul7bqd.onion/preferences"
"onionland","The Future of U.S Intelligence Community 2.0 and Intelligence Gathering Dark Web Onion","http://hnto5gtas6ufrtpwkuyklz2vjdtrm7krdrlrjcpsyk36alopqviprbyd.onion"
"onionland","preferences - Transhumanist Club","http://uat45d66eodzn25x4nslsbz5tz3xeuzz4m5mo5wb32zoqszsrnqf2fyd.onion/preferences"
"onionland","preferences - searx.kalli.st","https://searx.kallist4mcluuxbjnr5p2asdlmdhaos3pcrvhk3fbzmiiiftwg6zncid.onion/preferences"
"onionland","NO TO CHINA","http://tirxscsg3pcenlff67ecn2kb3jfv3ori7bgwryyn7btktohfdkms2cyd.onion/videos.html"
"onionland","Debian Package of the Day (static archived copy)","http://h34nug3iwqjf2376fmmzdhgqivckzemcujmarlptfqeqtq7vya47yyad.onion"
"onionland","HIDDEN WIKI FRESH 2021","http://wikiw2godl6vm5amb4sij47rwynnrmqenwddykzt3fwpbx6p34sgb7yd.onion/doku.php?id=start"
"onionland","preferences - searx.vxempire.xyz","http://z34zvdnudiq5om7v547g42nr36l4ut7pek6bx7prn4emi5ncdgo6jhad.onion/preferences"
"onionland","Radical Servers - riseup.net","http://vww6ybal4bd7szmgncyruucpgfkqahzddi37ktceo3ah7ngmcopnpyyd.onion/pt/security/resources/radical-servers"
"onionland","Cybertronics - Virtual Reality Social Network For Hackers and Security Experts - Donate Today!","http://f3xdf6ruat7p2wrklassk5c2ntjbekzbagdvl77kdikingkj6lwsjzad.onion"
"onionland","MEGA Tor - Chat - MEGA","http://ylmjp76zk4ndvgpncbtgzrfsrzpblvlzgtuoduqgygwdlexou64iwfqd.onion"
"onionland","DUMPS FULLZ AND PIN TRACK 1","http://jycvjh42y7qbab3hjdrlsgtt3yin5uf2bgd2a3hqipv2rtvlzsulkwad.onion/product/dumps-fullz-and-pin-track-12"
"onionland","kallist/conversations: Fnord Messenger for XMPP - CHANGELOG.md at 99a5c71b0b52e43c05d604ee2ef9c3e6d46017f4 - conversations - gt kallist","https://gt.kallist4mcluuxbjnr5p2asdlmdhaos3pcrvhk3fbzmiiiftwg6zncid.onion/kallist/conversations/src/commit/99a5c71b0b52e43c05d604ee2ef9c3e6d46017f4/CHANGELOG.md"
"onionland","サイバー部攻撃会議 | 恒心教サイバー部3.0","http://nqvrnwhcro4uvxqqezo5y2em6xqdpcr72pdmgqzxah6hvuhiusgukpid.onion/archive/log/koushin3/koushin04.html"
"onionland","쟁고우 - White Skull Wiki","http://tqe6yzyqzrfyy2x6dkbo4c6gkyudzwxsvko4ic6oxigrl7ljs7sctqyd.onion/index.php?title=쟁고우"
"onionland","Секстинг сервис XTALK.CHAT","http://xtalkc5ugmzyqxoymu7o3plv6wbszi6bc2z6an6wnedq37dfg6kao7yd.onion/index_ru.php"
"onionland","Fast Money | Accounts","http://fmoney4iggyjhv5g2daygdycopuwkdlo6nyxz6aes7abd76t3akinmad.onion"
"onionland","Fix W504 and disable W503 (closes #20863) · 3089bc748c - youtube-dl - GitHide: Git, but hidden.","http://githidep2hynhdmutuv7n2tei4iie2c7lyqz5fes3r5zzoxe5dshtxyd.onion/GitHide/youtube-dl/commit/3089bc748c0fe72a0361bce3f5e2fbab25175236"
"onionland","Dark Web Forums - Carding Forum - Credit Cards - Hacking Forum - Cracking","http://uprb6pfh6yslgecvrx7w4kcsqyxrox26yt4sap5m4sdkvirmsmkroyad.onion"
"onionland","Email","https://myanee7lkwzxkhupjxvu2sxtkuf57lkvr3wutf3vfvnhkxuei7h3xbad.onion/boot/email.xhtml"
"onionland","Local Guides","https://pixel.facebookwkhpilnemxj7asaniu7vnjjbiltxjqhye3mhbshg7kx5tfyd.onion/local/lists/245019872666104"
"onionland","Customer Reviews - Buy Real Money | The Way","http://buyreal2xipzjhjfhyztle35dknfexgqrpq4dmzvkc575kzi3vr6bmid.onion/reviews.php"
"onionland","Email - Shadow Wiki","http://abrx6wcpzkfpwxb5eb2wsra2wnkrv2macdtkpnrepswodz5jxd4schyd.onion/email.xhtml"
"onionland","Forum","http://golda3olgeroq56fjtob5haiytrjk6ex3iherooz7hd77fyusmfor2ad.onion?page_id=272"
"onionland","Buy Real Money | Reviews","http://moneylmhqamhzfcw6qm2no375eku2brclbilrzy7ae4364l75nhvtnyd.onion/reviews.html"
"onionland","Tor Market","http://p5ay4zakxz4rn4rmvx6c3vj3fj2jlzbsgg5a2xrgrjzg2tsw2uogmuyd.onion/help"
"onionland","Customer Reviews - Buy Real Money | The Way","http://buyreal4ka5ulaeatencombd52pnihjmnjfubtad4ze4dixp76ovrrid.onion/reviews.php"
"onionland","Buy Real Money | The Way","http://uxeitrvrstmuobz65sfpn7lemlk3kuf2jcbmk5wam5qzmd7iajgkcgid.onion/reviews"
"onionland","Buy Real Money | The Way","http://vynu3dpv6g3uolsxfybkhsz5iqxb5fbql2ssihs3t4zqac4fup7ex2id.onion/reviews"
"onionland","Buy Real Money | The Way","http://3fgdc5aogpv5hukvpfonizw2zn7k7gcjssqczku7g2diftkmr6em27ad.onion/reviews"
"onionland","3.970 Reviews | The Way","http://p4ysg5ozznovxccqugnb3tls7lwbgz44wuxya57mmneev4othd4r6fad.onion/review.php"
"onionland","Buy Real Money | The Way","http://3yusouc6rpzhikjcgqvwdy43hfjix6dyfl6xz6ygsz44oyg3bg2vubad.onion/reviews"
"onionland","Buy Real Money | The Way","http://pbcmnemtwity6f4amutirqdeh2qpex6ebrm4kdjdg53j54wledpuv4ad.onion/reviews"
"onionland","Buy Real Money | The Way","http://clbxfwgpdx74dnga5vxxisxgkyftipeapf4b5t762jcg6qw7qsv4enqd.onion/reviews"
"onionland","Buy Real Money | The Way","http://rb6pghcm2cdgzlriwc5udtq32zipp43oh45vltzcguyv46uxa52mxeyd.onion/reviews"
"onionland","Buy Real Money | The Way","http://lzjx2bqdienqrlcch6vye7vzxc2r56sxzz4a3acormo5gamph2h5pjad.onion/reviews"
"onionland","Buy Real Money | The Way","http://ft7gnnvpwrgverku643rx22wkmw73phtwbl7a7mocoxj7oue5mqqyzad.onion/reviews"
"onionland","Buy Real Money | The Way","http://g47b2so7ojo2kcgdlr3yjye3iepqmha6j7efcwdqcatjtdwqiw7hjjyd.onion/reviews"
"onionland","RSS-Bridge","http://mo2s6juoepmoob6d43mic7nctlp4gg66kkh7bdii3vwiwp626h6b2bqd.onion"
"onionland","Planet Debian","http://3cbzkrvakrpetjjppdwzbzqrlkmzatjs7jbyazap5gwutj32gcltjpqd.onion"
"onionland","UnderMarket 2.0","http://puyr3jb76flvqemhkllg5bttt2dmiaexs3ggmfpyewc44vt5265uuaad.onion"
"onionland","List of users - GG Club","http://gunsganos2raowan5y2nkblujnmza32v2cwkdgy6okciskzabchx4iqd.onion/users.php"
"darksearchenginer","Best CP porn ever in HD","http://pornthegkgpfm6uz.onion/"
"darksearchenginer","Jailbait PTC OPVA LOLITACITY KIDS PORN Teens","http://jv2derwjub2wtczeymsqbjw7x7rvl7ez4hslbr5lejwpah3ooxzca4yd.onion"
"darksearchenginer","DOGSEX ROOKIES","http://cwwt4tvwijamrzehmdozb5vchcusrrhm7awwrbdxq3xrh7ifh4ocwjad.onion"
"darksearchenginer","cp PTHC store","http://vgqs2ppcihx75d7t.onion"
"darksearchenginer","Child porn to view. Download CP video and photo.","http://hbbp5wgnij6yanndashod5icp7gprfen5vxmqcurro76wvnh4uhx3xyd.onion/index.html"
"darksearchenginer","pre teen hardcore porn, fight girl , cp preview download, free 15 teen, porn children boys | Child Porno Studios Video Store | High Quality Child Porno | Unlimited Download","http://tvffjkvimqs52knfljcxqiz3ji6qgf7lluef6u3i6mzbrr5fdewhvoqd.onion"
"darksearchenginer","Porno photos","http://cavetord6bosm3sl.onion/photos"
"darksearchenginer","CPDB PRIVATE COMMUNITY","http://d6rbxuhs6kulajsp.onion/"
"darksearchenginer","My Little Golden Boys","http://nqlxolm6hzozozyb.onion/"
"darksearchenginer","The best private doggie","http://2rko3ahsdilka74f.onion/"
"darksearchenginer","Orgasm","http://6g47u7ryqb6v2b3n.onion/"
"darksearchenginer","CHILD CORNER","http://childg5op4lwk6iy.onion/"
"darksearchenginer","The largest archive of childrens porn","http://iyjshkc4qama6zr3.onion/"
"onionsearchserver","Cute Russian Girls Do Yoga Dares. | Beehive","http://beehive6ratfqulk.onion/2019/10/cute-russian-girls-do-yoga-dares/"
"onionsearchserver","Dir - Hard sex with russian girls","http://4om2jscnc2e3vpie.onion/vote6570.html?id=2030"
"onionsearchserver","Dir - Hard sex with russian girls","http://auutwvpmbt2x44oa.onion/vote.php?id=2030"
"onionsearchserver","RUSSIAN FUCK LITTLE GIRLS","http://girljbbpaaopkvkd.onion/"
"onionsearchserver","Uncensored Hidden Wiki","http://z5taguvepvuevyp3.onion/index.php?title=Main_Page"
"onionsearchserver","Daily Stormer – The Most Censored Publication in History","http://dstormer6em3i4km.onion/"
"onionsearchserver","Suchen","http://nnksciarbrfsg3ud.onion/cgi-bin/searchart.pl?suche=Ueberwachung&sel=meta"
"onionsearchserver","AH News / AvaxHome","http://avaxhome5lcpcok5.onion/avaxhome_news"
"onionsearchserver","Swiss Arts » Emodolls Only sweet girls onion version","http://7ca736d4of2xe7pm.onion/tags/Swiss+Arts/"
"onionsearchserver","""Welcome To Dark Web Links & More! - Message Board","http://jdpskjmgy6kk4urv.onion/messageboard.html"
"onionsearchserver","UD","http://underdj5ziov3ic7.onion/category/HARDCORE"
"onionsearchserver","ni-chan catalogue","http://nichank62kpkrxvg.onion/cat.cgi"
"onionsearchserver","Hidden Wiki","http://hwikis25cffertqe.onion/wiki/index.php?title=Main_Page"
"onionsearchserver","sport | Beauty of Boys","http://beautyboysj2sgq3.onion/tag/sport/"
"onionsearchserver","FREE MARKET PEOPLE","http://freerj4lgqdjjuk6.onion/catalog/39"
"onionsearchserver","/ausneets/ - NEET General #56 - Doge Edition","http://enxx3byspwsdo446jujc52ucy2pf5urdbhqw3kbsfhlfjwmbpj5smdad.onion/ausneets/res/53585.html"
"onionsearchserver","Categories","http://oniondirljacm547.onion/Cat?Id=11"
"onionsearchserver","Articles for May 2018 Year » Funny Culture","http://mda3nxsigriahnxq.onion/2018/05/"
"onionsearchserver","Forum — Dark social network","http://cavetord6bosm3sl.onion/forum"
"onionsearchserver","Numberphile - Invidious","http://axqzx4s6s54s32yentfqojs3x5i7faxza6xo3ehd4bzzsg2ii4fv2iid.onion/channel/UCoxcjq-8xIDTYp3uz647V5A"
"onionsearchserver","BoyChat - a boylove message board","http://r2j4xiyckibnyd45.onion/"
"onionsearchserver","Link Directory| The Hidden Wiki | OnionDir | Link Directory","http://linkdirr4nruwk6x.onion/"
"onionsearchserver","DEEP WEB LINKS – The Hidden Wiki – OnionDir | Darknet","http://darknetogs6pex5i.onion/deep-web-links/"
"onionsearchserver","CP Store. Buy underage sex child porn kids preteen jailbait pthc ptsc content for Bitcoin/Altcoin","http://cpshopyqd2m4d725.onion/"
"onionsearchserver","CP Store. Buy underage sex child porn kids preteen jailbait pthc ptsc content for bitcoins","http://cpstoreizehdhenw.onion/sexgirlgirl/index.html"
"onionsearchserver","Daniel - Onion link list","http://donionsixbjtiohce24abfgsffo2l4tk26qx464zylumgejukfq2vead.onion/?cat=21&pg=0&lang=en"
"onionsearchserver","Most rated website - Best Dark Net Links on Deep Web","http://aaalinktbyhxngho.onion/top-notes.html"
"onionsearchserver","Most rated website - Best Onion Links on Dark Net","http://aaalinkdbpopbfax.onion/top-notes.html"
"onionsearchserver","Most rated website - Best Dark Net Links on Deep Web","http://aaalink7lq6i65bb.onion/top-notes.html"
"onionsearchserver","www.darkweblink.com – The Dark Web Journal","http://tdwj7xgc5s2k6bmv.onion/tdwj/tag/www-darkweblink-com/"
"onionsearchserver","The Hidden Wiki","http://kpvz7ki2lzvnwve7.onion/wiki/index.php/Main_Page"
"onionsearchserver","lycasino.com - News","http://fofzj37ck6pto3gi.onion/en/news-multiply-revenue-by-playing-rdd.html"
"onionsearchserver","Lolita City • View topic - Russian Boy and Girl","http://rfwtogljhrrzxyrl.onion/viewtopic.php?f=4&t=167&p=215"
"onionsearchserver","/kc/ - Wall papers thread? Please post some pleasant wall papers.","http://endchan5doxvprs5.onion/kc/res/27190.html"
"onionsearchserver","threesomes – Sexy Madama","http://32pbf32xi6ccm63z.onion/sexymadama/tag/threesomes/"
"onionsearchserver","Hidden Wiki - Tor Wiki - Deep Web, Urls Directory - find the silk road url, link and other deep web links on The Hidden Wiki","http://wikitjerrta4qgz4.onion/"
"onionsearchserver","ni-chan catalogue","http://plnemlsyla6h5t3nuoz2algzmy635ceuendnjwsmhwn2os5fxahshiad.onion/cat.cgi"
"onionsearchserver","/bb/ - Grow Thread 2","http://s6424n4x4bsmqs27.onion/bb/res/1852.html"
"onionsearchserver","Debian -- Project Participants","http://sejnfjrq6szgca7v.onion/devel/people"
"onionsearchserver","OnionDir Deep Web Hosting | Secured and Anonymous | Linux PHP hosting 100MB and Unlimited Bandwidth Deep Web Hosting | Secured and Anonymous | Linux PHP hosting 100MB and Unlimited Bandwidth Hidden...","http://oniot2zvfczp4lpc.onion/"
"onionsearchserver","Russian PT girl. Experience of smoking. HD video » Spots of purity","http://3xjowtfvv6tetjyt.onion/pictures/25-russian_pt_girl._experience_of_smoking._hd_video.html"
"onionsearchserver","Книги в жанре Боевики — страница #1","http://fb2lib3argrtulnw.onion/genre/1"
"onionsearchserver","OnionDir Deep Web Hosting | Secured and Anonymous | Linux PHP hosting 100MB and Unlimited Bandwidth Deep Web Hosting | Secured and Anonymous | Linux PHP hosting 100MB and Unlimited Bandwidth Hidden...","http://7tjpk6qs7ycmzfyo.onion/"
"onionsearchserver","Search","http://lfbg75wjgi4nzdio.onion/search?q=www.slashfilm.com"
"onionsearchserver","The Incorrect Library","http://inclibuql666c5c4.onion/?function=tags"
"onionsearchserver","Photos of model girls porn kids, children porn, cp sex lola","http://j5gmfi4ip6p4lucvxgys3mc7bmnqnox6fl74zfen6m6wsgrilyqmt2ad.onion/"
"onionsearchserver","Naked selfie lovers","http://atlayofke5rqhsma.onion/index.php?link1=timeline&u=Nakedselfielovers"
"onionsearchserver","TeenModels - Brianna » CDIllusion onion version","http://qxq4i6bu3ylmtueu.onion/offtopic/2437-teenmodels-brianna.html"
"onionsearchserver","The Hidden Wiki","http://zqktlwi4i34kbat3.onion/wiki/index.php?title=Main_Page"
"onionsearchserver","TorChat Directory","http://e4c4xzz3hl772fti.onion/?page=5&new=1&query=&pref=0&min=-1&max=-1"
"onionsearchserver","OnionDir - Deep Web Link Directory - Hidden Wiki Mirror","http://dirnxxdraygbifgc.onion/"
"onionsearchserver","HD Wiki","http://hdwikicorldcisiy.onion/"
"onionsearchserver","Search","http://oxwugzccvk3dk6tj.onion/search.php"
"onionsearchserver","Super Baby sister suck brother's dick | Free Kids porn download | Kids Porno Video | Hardcore pthc. Pthc Cp videos. Free gallery | Curated PTHC and child porno collections | Jailbait photos and videos...","http://stationulncebn3yt24ycawl6pcryfbdrvkp7nxuscrbiok6ggbvk6ad.onion/multicp.html"
"onionsearchserver","Uncensored Child Porn Onions List / Illegal Underage Porn Onions / CP Video Onions With Free Preview","http://toplistftmajmxhb.onion/"
"onionsearchserver","Dir - Hosting","http://auutwvpl7nsit63y.onion/cap.php?cat=11&p=42"
"onionsearchserver","Child Porno Station | Jailbait Dirty Lolita. Free gallery | Curated PTHC and child porno collections | Jailbait photos and videos | Lolitas | Lolilust | pedo porno | little daughters | join now","http://stationmfwzf6dyz.onion/jailbait2.html"
"onionsearchserver","Childrens porn videos and photos cp - Kids CP sex - Lolita nude archive","http://oylkrmeesnwcqxnm.onion/"
"onionsearchserver","Best CP porn ever in HD Directory Rating Links | Top Sites onion","http://linkdirdgrhkr2zm.onion/vote/1901/neg"
"onionsearchserver","The Last Trumpet Project","http://y5fmhyqdr6r7ddws.onion/hosted/files/last_trumpet/LTP.html"
"onionsearchserver","Torgle - The Dark Web Search Engine","http://torgle5fj664v7pf.onion/torgle/index-frame.php?query=link+list&start=10&search=1&results=10&type=and&domain=atlayofke5rqhsma.onion"
"onionsearchserver","Japanese Lady Extermination @ 3dcgntv Network","http://3dcgntvjdy33ploy.onion/limited.html"
"onionsearchserver","Bl-lit","http://exwljei3bfvchv6p.onion/img-rokcwell-n/rockwell1.html"
"onionsearchserver","Super Baby sister suck brother's dick | Free Kids porn download | Kids Porno Video | Hardcore pthc. Pthc Cp videos. Free gallery | Curated PTHC and child porno collections | Jailbait photos and videos...","http://stationtr3bv7zqpp4aapablqiw6iayc2otnr3ftbbxeaae2vfylttad.onion/multicp.html"
"onionsearchserver","BOX №9 — SHOP CP Child porn","http://22fatvubf5gxch7c.onion/box-9.html"
"onionsearchserver","Child Porno Station | Jailbait Dirty Lolita. Free gallery | Curated PTHC and child porno collections | Jailbait photos and videos | Lolitas | Lolilust | pedo porno | little daughters | join now","http://pthc5luilb7h2ghs.onion/jailbait2.html"
"onionsearchserver","Child Porno Station | Jailbait Dirty Lolita. Free gallery | Curated PTHC and child porno collections | Jailbait photos and videos | Lolitas | Lolilust | pedo porno | little daughters | join now","http://stationudue7ucifsaxjf3ln6pnv5klsm7ntoju4k3253eluzcebu7qd.onion/jailbait2.html"
"onionsearchserver","Child Porno Station | Jailbait Dirty Lolita. Free gallery | Curated PTHC and child porno collections | Jailbait photos and videos | Lolitas | Lolilust | pedo porno | little daughters | join now","http://stationdmosxiwo63u4ymtgso6ak2vuuuydp7crssnwhklkns75obaqd.onion/jailbait2.html"
"onionsearchserver","TorWiki","http://torwikignoueupfm.onion/index.php?title=Main_Page"
"onionsearchserver","Vote The Onion Site - porn","http://oniouojbeqwltcof.onion/Vote?Id=10480&vote=pos"
"onionsearchserver","ONIONLIST - Adult - Page 2","http://rkdfg37bmbyr5wgx7g6ou7n2eq2o5io2csf5h6hf6d5m2lxqlcslnwyd.onion/cat/7/Adult/2.html"
"onionsearchserver","ONIONLIST - Adult - Page 2","http://onionuco5vbmja4l.onion/cat/7/Adult/2.html"
"onionsearchserver","Arcadia | Snowman From Russia","http://arcadiam4g43csgx.onion/arcadia/script/play/snowman-from-russia-191.html"
"onionsearchserver","Slave Girls for Cash - Hire a slave girl","http://slavegl5jgdo2pbk.onion/sarah.html"
"onionsearchserver","Child Porno Station | Curated PTHC and child porno collections | Jailbait photos and videos | Lolitas | Lolilust | pedo porno | little daughters | join now","http://stationgwltgaot77yxm6gv65dryf56en6vx77mhshw3jcyyy3t3b7ad.onion/"
"onionsearchserver","OnionDir - Deep Web Link Directory - Hidden Wiki Mirror","http://xqrqbzhii6m6sdrv.onion/"
"onionsearchserver","Super Baby sister suck brother's dick | Free Kids porn download | Kids Porno Video | Hardcore pthc. Pthc Cp videos. Free gallery | Curated PTHC and child porno collections | Jailbait photos and videos...","http://stationunkmjw7iqi3z3eqkcea42uq7b74vghv3ducdc3styzzzymuyd.onion/multicp.html"
"onionsearchserver","Articles for May 2018 Year » Charms Lolita","http://pb327s7brxdgfqqk.onion/2018/05/"
"onionsearchserver","Search Oneirun","http://oneirunda366dmfm.onion/Home/IndexEn"
"onionsearchserver","112 работников пятёрочки пригласили Галю станцевать на корпоративе... - Neboard X","http://neboardo3svhysmd.onion/thread/98440"
"onionsearchserver","gabucion (sic!) :: remember lads, subscribe to pewdiepie","http://gabufscyjyqr5kj3.onion/archive.htm"
"onionsearchserver","The Hidden Wiki","http://bqbsjtulimblbgvroj33rzolowimuh2evcv42n7jnsa4cm4w43n33vyd.onion/"
"onionsearchserver","Dosug - CHOOSE YOUR ENTERTAINMENT!!!","http://dosug4rea4kvnk5f.onion/en/d/part/2"
"onionsearchserver","Hidden Wiki .Onion Urls / Links Deep Web Tor Wiki - OnionList Tor Deep Web Hidden Wiki","http://ndntfkf4zbbmseiz.onion/"
"onionsearchserver","""Welcome To Dark Web Links & More!","http://rbaco5flcou46wpd.onion/links.html"
"onionsearchserver","Underage erotica - The Uncensored Hidden Wiki","http://mijpsrtgf54l7um6.onion/index.php/Underage_erotica"
"onionsearchserver","Ketty Dreams » Biertamente onion","http://akaoxb4ek4hm7vau.onion/offtopic/4124-ketty-dreams.html"
"onionsearchserver","ONIONLIST - Adult - Page 1","http://onionlstmjc7qkmj.onion/cat/7/adult"
"onionsearchserver","Hidden Wiki - Tor Wiki - Deep Web, Urls Directory - find the silk road url, link and other deep web links on The Hidden Wiki","http://7g5bqm7htspqauum.onion/"
"onionsearchserver","Buy Real Money | Reviews","http://bnruxuk34pu5l37h.onion/reviews.html"
"onionsearchserver","OWN SHOP | BOX №9 Dark NET SHOP-Store CP","http://ownshophar25ghcs.onion/?product=box-№9-shop-cp"
"onionsearchserver","The Mystery of the Tainted Cocaine - Part One","http://cocaineo5z66elwy.onion/Mystery/The-Mystery-of-the-Tainted-Cocaine-Part-One.html"
"onionsearchserver","Russian Collections","http://ruscpsovltssr5gp.onion/index.html"
"onionsearchserver","Child Porno Station | Creampie Lolita | Curated PTHC and child porno collections | Jailbait photos and videos | Lolitas | Lolilust | pedo porno | little daughters | join now","http://station45xcsywsuziwe2lidnzu36abvvrw5uzdf5hrflkwwm7eocjqd.onion/1-lolita-7-dicks.html"
"onionsearchserver","Buy Real Money | Reviews","http://bnrusds5aw6b3iul.onion/reviews.html"
"onionsearchserver","BOX №9 — SHOP CP Child porn","http://ssfvr7wndc4pxcsp.onion/box-9.html"
"onionsearchserver","Dir - Hosting","http://auutwvp5wqh3m6f3.onion/cap.php?cat=3&p=8"
"onionsearchserver","livechat – LiveChat Services","http://livechat.torpress2sarn7xw.onion/author/livechat/"
"onionsearchserver","Bob's Uncensored Onion Links","http://bobslist5hedu63m.onion/"
"onionsearchserver","Tor Links Best - Hacking - Adult - CP porn - Cards - Drugs","http://krqefawbmtswemww.onion/"
"onionsearchserver","Dir - Hosting","http://auutwvpsmgdq75tf.onion/cap.php?cat=3&p=7"
"onionsearchserver","Dir - Hosting","http://auutwvpowkoh6xct.onion/cap.php?cat=3&p=8"
"onionsearchserver","The Pirate Bay - The galaxy's most resilient bittorrent site","http://uj3wazyk5u4hnvtk.onion/recent/14"
"onionsearchserver","The Serenity Thread - For relaxation, positivity, inspiration and joy","http://suprbayoubiexnmp.onion/Thread-The-Serenity-Thread-For-relaxation-positivity-inspiration-and-joy?page=4"
"onionsearchserver","MrLevBlogs | Blog","http://mrlevrrir47hvei5.onion/blog.html"
"onionsearchserver","RealPiss Voyeur Community","http://realpissxny3hgyl.onion/"
"onionsearchserver","OnionDir - Deep Web Link Directory - Hidden Wiki Mirror","http://f2wkn57zho6hhohl.onion/"
"onionsearchserver","The Hidden Wiki","http://hiddenw3s6tmzdwo.onion/wiki/index.php?title=Main_Page"
"onionsearchserver","Our African Adventure","http://tssa3saypkimmkcy.onion/public/stories/our_african_adventure.html"
"onionsearchserver","Adult Wiki Links","http://wikilink77h7lrbi.onion/dir/adult.html"
"onionsearchserver","Downloads ❂ I ❤ CP","http://ilovecphfjziywno.onion/dow/"
"onionsearchserver","The Official Hidden Wiki","http://rbk7bu3cdf6ft3fz.onion/index.php"
"onionsearchserver","The Uncensored Hidden Wiki","http://uhwikit3xeztgu3e.onion/index.php?title=Main_Page"
"onionsearchserver","right politics without censorship","http://jfuv4vxr5jkpqgrm55l7vkheukqupedjnf2e3x2ocvrkswc7jh42bdid.onion/"
"onionsearchserver","Jeff Cooper's Commentaries: Vol. 3, No. 9","http://c6q2m57ts2crvtiz.onion/jeff3_9.html"
"onionsearchserver","start","http://hinddenqfmu5xxub.onion/"
"onionsearchserver","The Uncensored Hidden Wiki","http://hdwikivgmzfa5eui.onion/"
"onionsearchserver","A Dark Web survivor – The Asocial","http://asocialfz7ncw5ui.onion/articles/internet/a-dark-web-survivor.html"
"onionsearchserver","The Hidden Wiki","http://wikitorcwogtsifs.onion/index.php/Main_Page"
"onionsearchserver","Australian Politician Admits MDMA Use Amid Pill Testing Debate - SoylentNews","http://7rmath4ro2of2a42.onion/politics/article.pl?sid=19/04/12/0151247"
"onionsearchserver","Tor catalog - all onion sites","http://sfpo7lcyguxhchils5g2tepgsrbv5vxi4ewoebfdf3evesaie6z24lyd.onion/"
"onionsearchserver","Koimonogatari: Love Tale by NisiOisiN -- Imperial Library of Trantor","http://xfmro77i3lixucja.onion/book/SJQkXV1Z7wX-kxzy"
"onionsearchserver","Onion Links Best - Cards - Drugs - Hacking - Adult - CP porn","http://336upsq3jpvdc3eg.onion/"
"onionsearchserver","Onion Links Best - Cards - Drugs - Hacking - Adult - CP porn","http://hxi4rd45ao6wtbti.onion/"
"onionsearchserver","doc/TorInTheMedia – Tor Bug Tracker & Wiki","http://ea5faa5po25cf7fb.onion/projects/tor/wiki/doc/TorInTheMedia"
"onionsearchserver","doc/TorInTheMedia – Tor Bug Tracker & Wiki","http://ea5f564jnvzj4nqr.onion/projects/tor/wiki/doc/TorInTheMedia"
"onionsearchserver","DeepPaste","http://4m6omb3gmrmnwzxi.onion/show.php?md5=f875721d46ae58d3c2cd7480bd630742"
"onionsearchserver","Onion Sites","http://onion333i37lgfb3.onion/"
"onionsearchserver","[Скам]Немного шаблонов для работы (как пример) - SKY-FRAUD.RU","http://bcbm4y7yusdxthg3.onion/showthread.php?p=61957"
"onionsearchserver","DarkVideo | Watch video | Porn. They were paid for having sex on camera. Им заплатили за то что бы они занялись сексом на камеру.","http://videonwcswhrqynk.onion/video/MtYMz7"
"onionsearchserver","SmokersCo. Cannabis Store","http://7tllqrhac6nugool.onion/reviews?page=59"
"onionsearchserver","liam/cyrleng - Liam's Public Git Server","http://liamsgitsbmu2lzg.onion/liam/cyrleng/src/master/cmudict.txt"
"onionsearchserver","""Tor Usenet Web Gateway - Subscribed News Groups for","http://n2ha26oplph454e6.onion/cgi-bin/dnewsweb.exe?utag=&wild=alt.binaries&cmd_grpsearch=Search&group="
"onionsearchserver","Ja vernulsa - Введение - Нимфетомания","http://nymphetowhsn3gpf.onion/viewtopic.php?f=2&t=1116"
"onionsearchserver","DeepPaste","http://depastedihrn3jtw.onion/show.php?md5=a865fb44b4b60c24d5ca40c8bc6f5243"
"onionsearchserver","[Music/2018/9] - RAL Neo-Forum Textboard","http://f22glwrndpxkacwp.onion/view/Music/2018/9?compose"
"onionsearchserver","OnionDir - Deep Web Link Directory - Hidden Wiki Mirror","http://dirn5bxugwhjfx2j.onion/"
"onionsearchserver","6455 Reviews | Stack of DW","http://stacvvulbayktqlf.onion/reviews.php"
"onionsearchserver","assets:databases [Wizardry and Steamworks]","http://kaarvixjxfdy2wv2.onion/assets/databases"
"onionsearchserver","The Hidden Wiki","http://deeplinkdeatbml7.onion/preview.php?onion=hiddenwik55b36km.onion"
"onionsearchserver","2013 GSF Jouyou Kanji by Con Kolivas","http://ujh6xlyukepvbtaaywygzvovoudcvlpokowturdlm37sjzodw573j3ad.onion/kanji.html"
"onionsearchserver","Links Tor - onion urls","http://n6dd6y365vljza5zfg32p7kvxnn2phupjikqduenhl7nj7ubfip6koyd.onion/"
"onionsearchserver","CP Wonderland By Cloned Connect – Le Trollodrôme 2.0","http://trollodrome2.torpress2sarn7xw.onion/topic/cp-wonderland-by-cloned-connect/"
"onionsearchserver","Index of /music/G/","http://uuxrei5or65anucg.onion/music/G/"
"onionsearchserver","Tor Market","http://tt2mopgckifmberr.onion/products/ff3ea9e6-63c2-41fb-942d-1604992e30d8"
"onionsearchserver","((22johnmax@protonmail.com))Buy Ielts band Score 9,online without exam online id card maker passport id card TOEFL, TOEIC, LCCI, TELC in Pakistan, India, Australia,iran,qatar,IELTS, TEIC,TOEFL,...","http://anonymzn3twqpxq5.onion/read.php?4,15512"
"onionsearchserver","Wiki Tor - onion links","http://5ahdmwvz4j7i2vam2mzgopusjjbbvatpqzkwp2ay5kowv4imrk6ymbqd.onion/"
"onionsearchserver","nimbus","http://milkwxjpscr54dlm.onion/human/"
"onionsearchserver","Index of /gentoo/distfiles","http://fauftpffbmvh3p4h.onion/gentoo/distfiles/"
"onionsearchserver","The Hidden Wiki","http://n6pbizsbykwxmydz.onion/wiki/index.php/Main_Page"
"onionsearchserver","The Hidden Wiki","http://hwikim2v2jscf5tgpcfgkfxjyrfmgs4vwr2raqayt4uzfde6w4dutiqd.onion/wiki/index.php?title=Main_Page&redirect=no"
"onionsearchserver","6448 Reviews | Stack of DW","http://e6lukm2z4gk5bmhg.onion/reviews.php"
"onionsearchserver","Беседка / Хайбаночятик / Хайбане.ru","http://haibanej33s4gfts.onion/b/11335"
