"onionland","Bitcoin Traffic - What is it? - WikiKnowledge","http://invest3cofrxpsegiylb6qm2jp7k7swylstes4hs4kw6rq7tfpbgkaqd.onion/bitcoin-cards/index18.html"
"onionland","Bitcoin Traffic : What is it? : WikiKnowledge","http://invest2w37albqzruajjk446nvkehj2aswsuwkaowfp6ete3glvwy5yd.onion/ethereum-algorithm/index25.html"
"onionland","Bitcoin Traffic - What is it? - WikiCrypto","http://invest3ftejewlhrusj6b2alabxtwfiqzsovf3nzbimpn6lsrf7xv4qd.onion/cryptocurrency-charts/index20.html"
"onionland","Bitcoin Traffic - What is it? - Wiki","http://invest2l22fneg4rviqyzyyq3lf22wxva5z2k7srzrqq7odra7ons7yd.onion/nicehash-monero/index29.html"
"onionland","Bitcoin Traffic - What is it? - TOR WiKi","http://invest2m3r2niylhghrxo3yh4jtou73sh2bdq65xfqjbbj6j3x4hb6yd.onion/registration-bitcoin/index21.html"
"onionland","Bitcoin Traffic : What is it? : WikiCrypto","http://invest2y37gxawbxnmfvodmrcg5thodajikx7g2dcfntluy73p32meid.onion/gif-bitcoin/index29.html"
"onionland","Bitcoin Traffic : What is it? : Crypto","http://invest2hqzdqet7w6remzhz3pfdudrtsp4afqp4q3oe2xpyvcbxtmqyd.onion/50000-bitcoin/index13.html"
"onionland","Bitcoin Traffic - What is it? - CryptoWiki","http://invest2vgs6d4iswmlg3dvk6eqrti2bqyrzp2dpbhuzlb2japeb7ylid.onion/unconfirmed-monero/index27.html"
"onionland","Bitcoin Traffic : What is it? : Wikipedia","http://invest3eenpn5iwazjcculvzl323q62qaow3d7ijiqih7crwnidw7gqd.onion/jaxx-bitcoin/index5.html"
"onionland","Bitcoin Traffic : What is it? : CryptoWiki","http://invest2bnz2ncbp7akynqratk3aodpmfnr6noh2ipajtgtcd22acalqd.onion/bitcoin-antminer/index20.html"
"onionland","Bitcoin Traffic : What is it? : WikiBTC","http://invest2z3szwdbdfcpvosflamvoqfgmmugpyc7hskkq57pvefgyxyoad.onion/bitcoin-123/index20.html"
"onionland","Bitcoin Traffic : What is it? : Dark Crypto","http://invest3cuql3zwj3nk6bywfxc4zn5xa7xbijmyvxrsiaxgwfnin7vfad.onion/auto-bitcoin/index9.html"
"onionland","Bitcoin Traffic : What is it? : Wiki","http://invest2u3fw74sfvja5khficaetft373rzzurwdppwv73vlyz5l3e5id.onion/bitcoin-token/index8.html"
"onionland","Bitcoin Traffic : What is it? : TOR WiKi","http://invest2sgwxh3scyxvwqaxhlkxlcpn7ipngm5gld5pcgq72vmpezgeid.onion/wifi-tether/index15.html"
"onionland","Bitcoin Traffic : What is it? : Crypto","http://invest2esyu34y64dcsuor2asc757tr26iwyvr355zsfqm2jhozy4xqd.onion/capitalization-cryptocurrency/index5.html"
"onionland","Bitcoin Traffic : What is it? : WikiKnowledge","http://invest2qbmqua3fyveu3makh4hfnsxe6vm7r2x3ewwpegmhl2rhatlyd.onion/local-ethereum/index4.html"
"onionland","Bitcoin Traffic : What is it? : CryptoWiki","http://invest3a2yonatf5fdjltgnmw7g3wxwyv3dejcafci4lxrn6u6faaoyd.onion/bitcoin-metal/index22.html"
"onionland","Bitcoin Traffic : What is it? : Wikipedia","http://invest2chojkab6mnwhaeag4yy4h62tqhr4csv72cfql5qcbucshpnad.onion/tether-js/index22.html"
"onionland","Bitcoin Traffic - What is it? - Wikipedia","http://invest3fpn2kcqlkmyoercnf2xj2isdmgnfxbzxtr7sxcdodt6iirpid.onion/bitcoin-datadir/index5.html"
"onionland","Bitcoin Traffic - What is it? - CryptoWiki","http://invest2chfy3ttlf7kqv6ihr2hflzksjz2skn54etgxqlwggpmjavqid.onion/ethereum-addresses/index19.html"
"onionland","Bitcoin Traffic : What is it? : WikiCrypto","http://invest2ttt3bxcv5wm7pozu5ui5xaxknkxlwlvkewo3bjsntkutssrid.onion/nubits-cryptocurrency/index23.html"
"onionland","#human","http://diasporg5tj4xz5mxkd5qnrppo7tbb6ynk2gtmjw5lmz6mtbesj3k6id.onion/tags/human"
"onionland","Bitcoin Traffic : What is it? : Dark Crypto","http://invest2ouyltwekkmsmgqr4odkv3lbc2m7qtxkbh7rsfk42tlsiarwad.onion/bitcoin-0/index26.html"
"onionland","Bitcoin Traffic - What is it? - Dark Crypto","http://invest2qmlr45sk2jgiug43ifpg7ctkrt3hwvaom2saotwsnrhnupkid.onion/1070-ethereum/index13.html"
"onionland","Latest Technology Traffic Rescue System Must Watch - Invidious","http://fz253lmuao3strwbfbmx46yu7acac2jz27iwtorgmbqlkurlclmancad.onion/watch?v=GXCht38kEYI&list=PL57quI9usf_u3zExKYgmRVumHD7JeW4VM"
"onionland","Allow IPv6 traffic on the VPN (#9148) ¬∑ Issues ¬∑ leap / bitmask-dev ¬∑ GitLab","http://wmj5kiic7b6kjplpbvwadnht2nh2qnkbnqtcv3dyvpqtz7ssbssftxid.onion/leap/bitmask-dev/-/issues/9148"
"onionland","Recover mistyped traffic: Redirect .htm to .html","http://v65ngaoj2nyaiq2ltf4uzota254gnasarrkuj4aqndi2bb5lw6frt3ad.onion/entry/how-to-redirect-htm-to-html.html"
"onionland","/tech/ - https://www.bizjournals.com/kansascity/news/2021/06/03/stealth-data-anonymous-online-traffic-data-mining.htmlChad is going to reveal people","http://wz6bnwwtwckltvkvji6vvgmjrfspr3lstz66rusvtczhsgvwdcixgbyd.onion/tech/res/8999.html"
"onionland","TGx:Human Traffic 1999 1080p BluRay x264 AC3 5.1 BONE","http://galaxy3yrfbwlwo72q3v2wlyjinqr2vejgpkxb22ll5pcpuaxlnqjiid.onion/torrent/14509581/Human-Traffic-1999-1080p-BluRay-x264-AC3-5-1-BONE"
"onionland","#GobiernoEsp√≠a: Widespread Mexican government surveillance of human rights defenders and organisations | Front Line Defenders","http://3g2wfrenve2xcxiotthk4fcsnymzwfbttqbiwveoaox7wxkdh7voouqd.onion/en/blog/post/gobiernoespia-widespread-mexican-government-surveillance-human-rights-defenders-and"
"onionland","How Air Traffic Control Works - Invidious","http://w6ijuptxiku4xpnnaetxvnkc5vqcdu7mgns2u77qefoixi63vbvnpnqd.onion/watch?v=C1f2GwWLB3k"
"onionland","CMU Human-Computer Interaction Institute (@cmuhcii) | nitter","http://npf37k3mtzwxreiw52ccs5ay4e6qt2fkcs2ndieurdyn2cuzzsfyfvid.onion/cmuhcii"
"onionland","Out of Context Human Race (@NoContextHumans) | nitter","http://3nzoldnxplag42gqjs23xvghtzf6t6yzssrtytnntc6ppc7xxuoneoad.onion/NoContextHumans"
"onionland","Buy traffic bot drive unlimited traffic worldwide shipping","http://vg5jkavczcz6ggtefzjk334vb57plshkgn4yprpa3skf5i5a6yricyyd.onion/product/IGdqmaAB7FjDKCJk5b4h2Bb8APzyiWnX"
"onionland","8 EASY Ways To Get More Traffic To Your Website + FAST GROWTH HACK - Invidious","http://grwp24hodrefzvjjuccrkw3mjq4tzhaaq32amf33dzpmuxe7ilepcmad.onion/watch?v=fuxydnXgY94"
"onionland","Dog vs Human Sprinting - Who","http://tubemwive7gh35yolhtbuvxc52xncrrurk52u5eblil7cqx3krndvqqd.onion/watch/dog-vs-human-sprinting-who-039-s-faster_fFNvhRZoAU4JkXW.html"
"onionland","La tr√®s pudique ¬´ Pure Human Soul ¬ª nous parle de sa f√™te de l","http://2azus2ydchjmz5l5fcjmhew4elucd72wwwaqpswni3wiyb3gvqjpfeid.onion/la-tres-pudique-pure-human-soul-nous-parle-de-sa-fete-de-laid-en-famille"
"onionland","Silk Road - Human Wiki","http://vcsfc5r66ghdlmvob5y3hkrca4pebbrisio4ckahuye2jmbi7mzd4yqd.onion/index.php/Silk_Road"
"onionland","Crypto Firms, Law Enforcement Agencies and Intelligence Companies Launch Anti-Human Trafficking Initiative - Tape","http://tape6m4x7swc7lwx2n2wtyccu4lt2qyahgwinx563gqfzeedn5nb4gid.onion/crypto-firms-law-enforcement-agencies-and-intelligence-companies-launch-anti-human-trafficking-initiative"
"onionland","Why the Human Body Could Use an Update - Invidious","http://vjz6vc6oefececkeabwogp3xfitdylxgkyf2vuot6pyxyme4jp54i2ad.onion/watch?v=Veji8qeaSrM"
"onionland","Human","http://rambleeeqrhty6s5jgefdfdtc6tfgg4jj6svr4jpgk4wjtg3qshwbaad.onion/user/Human"
"onionland","Login - Dark Web Traffic Boost","http://4kyl4wxsmbl5mquono3vnbp72kgchl3es6rbsvrp5uxla7cwuxt2uaid.onion/login.html"
"onionland","Tails tor Traffic - Wer schrieb?","http://germany2igel45jbmjdipfbzdswjcpjqzqozxt4l33452kzrrda2rbid.onion/misc.php?action=whoposted&tid=4079"
"onionland","Creating Traffic analysis - Leaf Wiki","http://lljcwddkoyjq3xxtchl7a4i3ig6wqrg7nfxuzbzj4k4tbnb6pnzq7kid.onion/index.php?title=Traffic_analysis&action=edit&redlink=1"
"onionland","DMesg with human readable timestamps (BASH) - snippets.bentasker.co.uk","http://phecoopwm6x7azx26ctuqcp6673bbqkrqfeoiz2wwk36sady5tqbdpqd.onion/page-1708301222-DMesg-with-human-readable-timestamps-BASH.html"
"onionland","Comcast Throttles BitTorrent Traffic, Seeding Impossible | TorrentFreak","https://archiveiya74codqgiixo33q62qlrqtkgmcitqx5u2oeqnmn5bpcbiyd.onion/ivHyf"
"onionland","Random Human","http://lhyytrv3v7m3upeevqtgvan7hlcfklc5qxumsamopyut723uz6cpwqid.onion/dehiscent"
"onionland","La France Pue annonce le 101e concert ! Human Alert + Makiladoras + Grrzzz (...) - Le Num√©ro Z√©ro","https://rcbwx654n44axrba7q34aqaq2xhsp67aq244xd6ppgwndqfedjjvijad.onion/Human-Alert-Makiladoras-Grrzzz-CTB-le-Jeudi-24-Mars"
"onionland","Mr Human","http://l5b5ugkok5owt5w7xz7fvrvd75io2hvnao4c4gonidjmkqsyifwkdryd.onion/MrHuman"
"onionland","How to Get Massive YouTube Traffic | Procarding.com","http://5ypmagx2jzqehejemitb7auhpi27n5l3km6pq3lww5z7qiytnbkti7qd.onion/How to Get Massive YouTube Traffic.html"
"onionland","Dark Web Traffic Boost | Jar Jar Binks Top100","http://q72fiiwvwcic33kmuwgighbbauukoi74uhybr6jcgxaukul6g2bev2id.onion/node/867"
"onionland","Human check","http://j5c3nl5pi4f3fzwipaurfkiznyb5e2xmtm6o2ag3sfxhjtexxwwqmtyd.onion/human.php?item=1"
"onionland","Vote The Onion Site - Dark Web Traffic Boost","http://oniondirsl37g3uwoesuwvg6nufnsnibpfo7x7ukbydtdsgdpanjxjqd.onion/Vote?Id=71383"
"onionland","Notices by Hold On (holdme) - society","http://societyc7422zz3aiso5hakhf24m2n47qhcwmwfrdir5z5d74ldbmoid.onion/holdme"
"onionland","Category:human-rights - Kay on Crypto","http://27blltx6kt26k65umbs2tme6rhv4i7rhagnzzljp3bsoqfkj6w364sqd.onion/category/human-rights.html"
"onionland","Human Security - riseup.net","http://vww6ybal4bd7szmgncyruucpgfkqahzddi37ktceo3ah7ngmcopnpyyd.onion/pl/security/human-security"
"onionland","pluggable-transports/obfsproxy - Pluggable transport for obfuscated traffic","http://gzgme7ov25seqjbphab4fkcph3jkobfwwpivt5kzbv3kqx2y2qttl4yd.onion/pluggable-transports/obfsproxy.git/log/versioneer.py"
"onionland","Pages that link to ""Traffic analysis"" - The Hidden Wiki","http://wikitor7z5iiknxv7nbzo3uacz25b4lh5rxwxbrbiba5yycxzucsy3qd.onion/index.php/Special:WhatLinksHere/Traffic_analysis"
"onionland","Winter Traffic by Greenall, Stephen -- Imperial Library of Trantor","http://kx5thpx2olielkihfyo4jgjqfb7zx7wxr3sd4xzt26ochei4m6f7tayd.onion/book/jt5PLVJlniVx0wDz"
"onionland","–ö–æ–Ω–µ—Ü Bitcoin : What is it? : WikiBTC","http://invest3do3vkvp52jvoszmj2p6gfvsmixq5d4p5mxpk3zcueoqd5adqd.onion/blockchain-ethereum/index10.html"
"onionland","Ethereum –í–∏–∫–∏–ø–µ–¥–∏—è - What is it? - Wikipedia","http://invest2h6rqhdpezvkl3as53d7zj26nunx7cizqej6psapkmzx4hzdyd.onion/monero-usd/index27.html"
"onionland","/cyoa/ - New Human CYOA","http://4usoivrpy52lmc4mgn2h34cmfiltslesthr56yttv2pxudd3dapqciyd.onion/cyoa/res/170.html"
"onionland","How do i make my internet traffic look like it","http://c32zjeghcp5tj3kb72pltz56piei66drc63vkhn5yixiyk4cmerrjtid.onion/f/Privacy/132859/how-do-i-make-my-internet-traffic-look-like-it-s-coming-from"
"onionland","Human Wiki - Hidden Wiki","http://hiddenwep33eg4w225lcdwcez4iefacwpiia6cwg7pfmcz4hvijzbgid.onion?title=Human_Wiki"
"onionland","Human Ranch - Sky Wiki","https://txy7pgu2kdqg3ovmauiyeyrdhqwjdedvmn2rkcmj2vtknvk7zdo4vqqd.onion/index.php/Human_Ranch"
"onionland","The Human Element | Activism Archive","http://yd43paeb65fcuykc4skel6ra2r4qluqicuxjr4wqxgrsn6ti3mlrczad.onion/index.php/node/238"
"onionland","Human Agency - Archive - MayVaneDay Studios","https://meynethaffeecapsvfphrcnfrx44w2nskgls2juwitibvqctk2plvhqd.onion/archive/blog/2020/november/agency.html"
"onionland","chatterbox/css/icons/svgs/solid/traffic-light.svg at 7f4483636c46973fcab19c9708edce9fb7fab2fd - thenullnetwork/chatterbox","http://dnkgitith76l6ljojzoxzadhvgvj74vl6os6ft4wnef4gxhfbc2ghzad.onion/thenullnetwork/chatterbox/blob/7f4483636c46973fcab19c9708edce9fb7fab2fd/css/icons/svgs/solid/traffic-light.svg"
"onionland","Creating Human Wiki - Tortoise Wiki","https://qezqo7c2mvdk2ml2ys626hlh7ezva75wwwoawcuc7xncp37kedumv2ad.onion/index.php?title=Human_Wiki&action=edit&redlink=1"
"onionland","/meta/ - We need some more traffic around here, that's for sure.","http://tew7tfz7dvv4tsom45z2wseql7kwfxnc77btftzssaskdw22oa5ckbqd.onion/meta/res/10558.html"
"onionland","Electronics Store - Xiaomi Aqara Human B","http://mega3kr4b3aq6ic5sepvn7yfwuhgdk6dswfqo6cd6mi5kuiexjbqe3id.onion/stuff/b2e9bcee4e49dc3c0fdbac92cb38a19e"
"onionland","What's in a Name: Understanding the Domain Name System","http://lpiyu33yusoalp5kh3f4hak2so2sjjvjw5ykyvu2dulzosgvuffq6sad.onion/workshops/What's-in-a-Name-Understanding-the-Domain-Name-System"
"onionland","New moon and human behavior. - Hidden Answers","http://answerszuvs3gg2l64e6hmnryudl5zgrmwm3vh65hzszdghblddvfiqd.onion/65815/new-moon-and-human-behavior"
"onionland","NiceVPS.net - Dedicated Servers - Buy dedicated, servers, dedicated server, intel xeon, amd epyc, enterprise, RAID, SAS, SSD, NVMe, 1Gbps, 10Gpbs, unmetered servers, bitcoin server, monero server, cheap dedicated, anonymous server, offshore server, bulletproof server, buy dedicated bitcoin, buy server ethereum, buy dedicated monero, buy server zcash, KVM, IPMI, cryptocurrency servers, ddos protected servers, anti-ddos servers","https://nicevpsb7u3vqpo5zhyahmvfi5tihon4gnh676ucmzpcyxwodeztr4yd.onion/products/cat/dedicated-servers"
"onionland","Russia and US Dominate Global Dark Market Traffic: Report - DeepWebFeed - The #1 Deep Web Resource","http://thedwffdwtwlcsp4rgbbcjhvixmbz7q7g57sphyebt3sd6enjlkuwiqd.onion/index.php/news-and-articles/editors-picks/item/918-russia-and-us-dominate-global-dark-market-traffic-report?tmpl=component&print=1"
"onionland","12408 - human being bizarre - kaiki hito jinkan","http://owmvhpxyisu6fgd7r2fcswgavs7jly4znldaey33utadwmgbbp4pysad.onion/post/12408/zb2rhZ4d945Uo7SnuaLSpqRe16hoSrYBBL5ySMmc2g7HLZPNZ"
"onionland","Does human species deserve a better life? : Galaxy3","http://galaxy3bhpzxecbywoa2j4tg43muepnhfalars4cce3fcx46qlc6t3id.onion/poll/view/67803/does-human-species-deserve-a-better-life"
"onionland","Dark Web Analytics and Interesting Facts Behind its Anonymity - DeepWebFeed - The #1 Deep Web Resource","http://ll3tycluyy5a37f7frr44uikk74lbtgftmsfi2l2atcaaezk2kaenpyd.onion/index.php/news-and-articles/editors-picks/item/314-dark-web-analytics-and-interesting-facts-behind-its-anonymity"
"onionland","cyrus ‚ãÖ Plume","http://plume.l4qlywnpwqsluw65ts7md3khrivpirse744un3x7mlskqauz5pyuzgqd.onion/@/Cyrus@deepspacerose.garden"
"onionland","Bitcoin Sphere : What is it? : Crypto","http://invest2fwzgn2um6724kbu3sq3kd3opifsmuxjumm2vgxbrlyffpbxad.onion/bitcoin-statistic/index12.html"
"onionland","Bitcoin Bestchange : What is it? : Crypto","http://invest2nczuxao5mfizt76minuowmkfjm2d63z6f5z77jqt4jxkyzkad.onion/cgminer-ethereum/index4.html"
"onionland","The Way Home","http://jah777geov3jayctltl6e3wdungj7nre7vpdpgodrowp6iyla3f4c7ad.onion/wayad.htm"
"onionland","Submarine - Search for Hidden Services","http://no6m4wzdexe3auiupv2zwif7rm6qwxcyhslkcnzisxgeiw6pvjsgafad.onion/contact.php"
"onionland","Anyone actually hate dealing with people in your heart? - Hidden Answers","http://es.answerh4rfo4zgi4ao7lzoukjflpbur4ldabarachwwhabbu4vkpvxyd.onion/332364/anyone-actually-hate-dealing-with-people-in-your-heart"
"onionland","book tips? - Hidden Answers","http://ru.answerh4rfo4zgi4ao7lzoukjflpbur4ldabarachwwhabbu4vkpvxyd.onion/331606/book-tips"
"onionland","The Secret Story Archive Forum","http://tssa3yo5xfkcn4razcnmdhw5uxshx6zwzngwizpyf7phvea3gccrqbad.onion/public/forum/simpleforum.cgi?fid=02&topic_id=1501405450"
"onionland","Dreambox ReStream two point two point o | TheYOSH.nl","http://theyoshxgvcjm4s2xdt6zcjym4kgskibrlos6fai26yes4bhpia5z7qd.onion/dreambox-restream-two-point-two-point-o"
"onionland","Kushal Das","https://kushal76uaid62oup5774umh654scnu5dwzh4u2534qxhcbi4wbab3ad.onion/categories/opsec.html"
"onionland","Popa v Canterbury universite - - - 25.1.2018 - Legal.cases","http://caseslrwwcr744frvczmogqpa5jxfl6qhx3fxi2ne5pnro4yvsevhzid.onion/fr/act-nz1-163719.html"
"onionland","Piotr Gaczkowski (@DoomHammerNG) | nitter","http://nitterlgj3n5fgwesu3vxc5h67ruku33nqaoeoocae2mvlzhsu6k7fqd.onion/DoomHammerNG"
"onionland","Deep Web Email Provider (V3) - TorHiddenWiki 2020","http://wyzukrvms4rssons656laojjsp2xp3jqshfgclqh7kxcnhqu3mudfoad.onion/deep-web-email-provider-onion-links-2021?tmpl=component&print=1&layout=default"
"onionland","Bitcoin –°–æ–∑–¥–∞—Ç—å - What is it? - CryptoWiki","http://invest2tsgv5d2vosffoaie2qxa72lz5s76af3h4zoazhre7547mzzad.onion/ethereum-metropolis/index4.html"
"onionland","[ParlTrack]","http://y2u2kktykfwba7offqeynxsthsbaiznnmysew2so34fxgh6moss5taqd.onion/subject/7.30.30.02"
"onionland","Deep Web Links Tor - markets, shop, links of deep web","http://j6xwg7kd6rgthgw2s2jc5sa2jrwzi2c7hx72uezohpmnapxg3sjrbyad.onion/index.html"
"onionland","The Hidden Wiki","http://lqiahcviyl5srgewpr4q3phxgupyaxqk2iabzz3e2zcqu3sm7irhkwyd.onion"
"onionland","Deep Web Hidden Wiki - Links Tor","http://fovik5wtfx4uhwtfmzuz4gk62qcwet3cp7uyg4oup5k5g3ybxsp7m5ad.onion"
"onionland","Run a Tor Node : Learn By Doing | Coarse Enigma","http://cgjzkysxa4ru5rhrtr6rafckhexbisbtxwg2fg743cjumioysmirhdad.onion/blog/run-a-tor-node-learn-by-doing.html"
"onionland","Tor Project | Anonymity Online","http://2gzyxa5ihm7nsggfxnu52rck2vv4rvmdlkiu3zzui5du4xyclen53wid.onion"
"onionland","Deep Web Links Tor","http://zirg5bwn5274pg2as7usvhu656niudhaj4mvdwppmjc4ts6ln5fysnad.onion"
"onionland","/pol/ - I hate the human race and wanna nuke everything","http://mbv5a7cc6756lkpqts6si5zcpxwvd43cyb4atbqzjqypktsdoftphyqd.onion/pol/res/16208.html"
"onionland","Advanced persistent threat - The Hidden Wiki","http://wiki2zkamfya6mnyvk4aom4yjyi2kwsz7et3e4wnikcrypqv63rsskid.onion/Advanced_persistent_threat.html"
"onionland","README.md - dtg-delaytor.git - Service to prevent timing and shaping attacks","http://dtdevgo7fei5dy6ljfrahl5j5pjq5zo7rlhpl3myetexpxv56upinuad.onion/dtg-delaytor.git/tree/README.md"
"onionland","Whatsapp hack online - Hack whatsapp conversation","http://x63vm7phq7dw5f4gwduuckso4rqbmeqex6krydai5awwrocelsncq3yd.onion"
"onionland","CTemplar - Most Secure Anonymous Encrypted Email","http://ctemplarpizuduxk3fkwrieizstx33kg5chlvrh37nz73pv5smsvl6ad.onion"
"onionland","/meta/ - Stats","http://cutiewetgwj7ra6gthxl7m3qsphu7eccodx7pgrxki6vzap5udvpo5id.onion/addon.js/cg?feature=last50&board=meta&thread=2237"
"onionland","/librejp/ - Âä®ÊÄÅÁΩëËá™Áî±Èó® Â§©ÂÆâÈñÄ Â§©ÂÆâÈó® Ê≥ïËº™Âäü ÊùéÊ¥™Âøó Free Tibet ÂÖ≠ÂõõÂ§©ÂÆâÈñÄ‰∫ã‰ª∂ The Tiananmen Square protests of 1989 Â§©ÂÆâÈñÄÂ§ßÂ±†ÊÆ∫ The Tiananmen Square Massacre ÂèçÂè≥Ê¥æÈ¨•Áà≠ The Anti-Rightist Struggle Â§ßË∫çÈÄ≤ÊîøÁ≠ñ The Great Leap Forward ÊñáÂåñÂ§ßÈù©ÂëΩ The Great Proletarian Cultural Revolution ‰∫∫Ê¨ä Human Rights Ê∞ëÈÅã Democratiz","http://ylcjjrqko7pgobnvzreemm565ea3oj3c7rfqqb4x4twmay6hafv54mid.onion/librejp/res/65144.html"
"onionland","Shut up about The Hidden Wiki - Matt Traudt","http://tv54samlti22655ohq3oaswm64cwf7ulp6wzkjcvdla2hagqcu7uokid.onion/posts/shut-up-about-nf5YtW6c.html"
"onionland","CipherTrace (@ciphertrace) | nitter","http://nitter.l4qlywnpwqsluw65ts7md3khrivpirse744un3x7mlskqauz5pyuzgqd.onion/ciphertrace"
"onionland","fuss:squid [Wizardry and Steamworks]","http://3wymlmcsvxiaqzmbepsdawqpk6o2qsk65jhms72qqjulk5u4bgmvs3qd.onion/fuss/squid"
"onionland","What can Go Wrong When Hiring a Hacker - Hire a Hacker Online","http://7arikjzeekgnzcs63v662u3eq7cild2ryn3sx4fjwbwdf4tbkkb7jmid.onion/what-can-go-wrong-hiring-hacker/index.html"
"onionland","Artificial intelligence - Freedom Wiki","https://vavi6vaewwf7gtpsjxeufyanr7qxcfd4upcdgm2wg2xzanqzv3uahiyd.onion/index.php/Artificial_intelligence"
"onionland","Artificial intelligence - Key Wiki","https://qgu356nwwy7dweo276qk6rkts4pgpgm3vjjmedsifunu5yope52vdbid.onion/index.php/Artificial_intelligence"
"onionland","COVID-19 cuts darknet funding by US authorities - DarkWay","http://darkn5g756epq6t6fkqdo3mvkxlvwjtgabsbh3x47yhqg3uguiy5z5yd.onion/news/3"
"onionland","HackThisSite","http://hackthisjogneh42n5o7gbzrewxee3vyu6ex37ukyvdw6jm66npakiyd.onion/articles/list/4/1"
"onionland","git.qorg11.net Git - qorg11.net.git/commit","http://wqj3knuwktglfjkqquk23at6e5vvjftmc5p2i23smcw4fw7s4krdqeqd.onion/qorg11.net.git/commit/f17f68163444b92e4b0200b37a1651b8146f6a55?ds=sidebyside"
"onionland","Pysa's Partners","http://pysa2bitc5ldeyfak4seeruqymqs4sj5wt5qkcq7aoyg4h2acqieywad.onion/252-9.html"
"onionland","FLASHLIGHT 2.0","http://ovgl57qc3a5abwqgdhdtssvmydr6f6mjz6ey23thwy63pmbxqmi45iid.onion"
"onionland","Das n√§chste Feature?","http://backup.germany2igel45jbmjdipfbzdswjcpjqzqozxt4l33452kzrrda2rbid.onion/posts/preList/83/13785.page.html"
"onionland","/x/ - Paranormal - page 3","https://crghlabr45r5pqkgnbgehywk5nxutdks5iss7tabyux5psikqqjirryd.onion/x/3.html"
"onionland","How can we help? | Tor Project | Support","http://rzuwtpc4wb3xdzrj3yeajsvm3fkq4vbeubm2tdxaqruzzzgs5dwemlad.onion"
"onionland","User WickedX - Hidden Answers","http://pt.answerh4rfo4zgi4ao7lzoukjflpbur4ldabarachwwhabbu4vkpvxyd.onion/user/WickedX"
"onionland","Tor Project: Core People","https://wosihptqvevjrjxqipafogjmwn22kqktgsibfmmnfxl7wb7sqq5xfrid.onion/about/corepeople.html.en"
"onionland","Privacy Policy | Spamty.eu","http://spamty.ahcbagldgzdpa74g2mh74fvk5zjzpfjbvgqin6g3mfuu66tynv2gkiid.onion/de/privacy.php"
"onionland","Cybertronics - Virtual Reality Social Network For Hackers and Security Experts - Donate Today!","http://f3xdf6ruat7p2wrklassk5c2ntjbekzbagdvl77kdikingkj6lwsjzad.onion"
"onionland","Die Bartard Botnet Theorie","http://dinsid4aauy5y2g7nvfsg6kr4d5j26os26diehfnnxyzexgvsw5htdad.onion/en/archive/382"
"onionland","/b/ - Catalog","http://oneechnq2pn57jfud3wkwtfkthtwrqnqqv7hlyzoy46jgukcd67hylyd.onion/b/catalog.html"
"onionland","Basic Security - Hidden Answers","http://answerh4rfo4zgi4ao7lzoukjflpbur4ldabarachwwhabbu4vkpvxyd.onion/basic-security"
"onionland","Interesting Onion LInks 2020 - Dark Matter Project","http://dark3i5wry7zl7hdpmidmaflve7cmxzhvhpoutrryb5vd44qc52tbhad.onion/interesting-links2020"
"onionland","/tech/ - Catalog","http://cimixezweeq64g42vl6tyhk4becxhi4ldwqq6w43u53qhwsd3s4c3lyd.onion/tech/catalog.html"
"onionland","Little Bitcoin - What is it? - Crypto","http://invest3cb2flzpqbn7bby5lmghapfg4z3wg5pxo2jis3muiedbu7y5ad.onion/bitcoin-net/index20.html"
"onionland","Raklet, Top 100 Secret","http://iwr4usy33opfclmbyemzbmnwwnmmqpqltezpac7fyqqkdv3mabtm6kqd.onion/top?secret=true"
"onionland","BitTorrent - Gull Wiki","https://r2zw2ge2d553taaxapoq4xysyizr3aqugyyk74eafn7omwx7xyczskad.onion/index.php/BitTorrent"
"onionland","overboard - Picochan","http://picochanwvqfa2xsrfzlul4x4aqtog2eljll5qnj5iagpbhx2vmfqnid.onion/Overboard/index"
"onionland","Red Chan","http://ot3cgq74nu7tpnvyhohp74nf4rrp7fayv6djmiwvoeuq4zoqb5ng23yd.onion/112.html"
"onionland","Software For Privacy","http://ps3g2ogwmj6hbv2pmpjxbs4n2mtgygxhvptmyoruf7yeywhrbuhusmqd.onion/GNULinux/SoftwareForPrivacy.html"
"onionland","Tor Project: Press Page","https://jqyzxhjk6psc6ul5jnfwloamhtyh7si74b4743k2qgpskwwxrzhsxmad.onion/press/press.html.en"
"onionland","Free Haven's Selected Papers in Anonymity","http://7fa6xlti5joarlmkuhjaifa47ukgcwz6tfndgax45ocyn4rixm632jid.onion/anonbib/topic.html"
"onionland","InfoChan","http://emcc46ukd57uahbhu7c5zo7spvcjooj6mcb4pvh2jblv27jygjdzilid.onion/19.html"
"onionland","1person/StellarKey: DLC unlocker for Steam on Linux - steam150/isteamnetworkingutils.h at master - StellarKey - Darktea: Dark cup of tea (Gitea on the Dark Web)","http://www.it7otdanqu7ktntxzm427cba6i53w6wlanlh23v5i3siqmos47pzhvyd.onion/1person/StellarKey/src/branch/master/steam150/isteamnetworkingutils.h"
"onionland","Statistics ftp.fau.de (ftp.uni-erlangen.de)","http://ftpfaudev4triw2vxiwzf4334e3mynz7osqgtozhbc77fixncqzbyoyd.onion/cgi-bin/show-ftp-stats.cgi"
"onionland","Privex Bandwidth Policies (Unmetered / Fair Use / Hard Capped)","http://privex3guvvasyer6pxz2fqcgy56auvw5egkir6ykwpptferdcb5toad.onion/articles/privex-bandwidth-policy-unmetered-fair-use"
"onionland","Cultura de Seguran√ßa - groups - Crabgrass","http://zkdppoahhqu5ihjqd4qqvyfd2bm4wejrhjosim67t6yopl77jitg2nad.onion/culturaseguranca"
"onionland","virtual_private_networks [üîí Cybersecurity for lawyers]","https://h7isucmawckzflxhipflydxvxpaytk5fozfk5immffg66rhboc74yxyd.onion/doku.php?id=virtual_private_networks&rev=1565893162"
"onionland","Tree people","http://mdgdxj5d7wlgq3m6e4fvca5sgnbvejsyjh3sqh3p3tfngcnrhpuy3aid.onion/2013/treepeopleandpoop.html"
"onionland","Public Repos :: BASH-Haystack-Generator.git/commitdiff","http://nzi67esfrtpnl4wqxjeacfghatcc3vxpmyfc3ncjooxtufeyvlv65mad.onion/projects/BASH-Haystack-Generator.git/commitdiff/97707ab99bb3c44d2ab3ef24db0804b6853165ca"
"onionland","The dangers of artificial intelligence","http://uvgbd5mgizntrfghf2c77e2gp3ps3tzonmizfs4uva6cbeuxhkszedid.onion/ghost/ai.html"
"onionland","forum | OurRealm","http://orealmvxooetglfeguv2vp65a3rig2baq2ljc7jxxs4hsqsrcemkxcad.onion/search?page=410&query=forum"
"onionland","Banner Plus - Onion Center Search Engine","http://5qqrlc7hw3tsgokkqifb33p3mrlpnleka2bjg7n46vih2synghb6ycid.onion/bannerplus"
"onionland","VPNs | Madaidan's Insecurities","http://secure45nbquibuw6thmenrfamhobdkkrllgxrtayn4sgmnexremexyd.onion/vpns.html"
"onionland","Humatrope 36IU","http://skingykcpkkenvhhlg5vdsitvdoefkbo7frfiv3gscue66ynvuqq7bid.onion?product=humatrope-36iu"
"onionland","Darknet Tor - Wiki Tor","http://c3b24jvpheh5twkgyccwrxanl67wnir5amkgoxg5ex4dq4ltmaopn7id.onion"
"onionland","Torch : forum","http://torchdeedp3i2jigzjdmfpn5ttjhthh5wbmda2rr3jvqjg5p77c54dqd.onion/search?page=170&query=forum"
"onionland","Let's Decentralize","http://xanthexikes7btjqlkakrxjf546rze2n4ftnqzth6qk52jdgrf6jwpqd.onion"
"onionland","Facebook Reality Labs | About Facebook","https://about.facebookwkhpilnemxj7asaniu7vnjjbiltxjqhye3mhbshg7kx5tfyd.onion/realitylabs"
"onionland","Sherif Hosting","http://4bnevndxaqqgchojv6xchy7hpcwyz7ndjrvvg6vpdmlouscazjwx4ayd.onion"
"onionland","TARGET - Cat","http://fnvlbq6pq7lftf634bowf6wdqksvbvy45u4inwpm2l6aalkuzfkskoid.onion/cat/utilities"
"onionland","Should prostitution be legal? | Page 3 | Kiwi Farms","http://uquusqsaaad66cvub4473csdu4uu7ahxou3zqc35fpw5d4ificedzyqd.onion/threads/should-prostitution-be-legal.128/page-3"
"onionland","PinkVEVO - Invidious","http://axqzx4s6s54s32yentfqojs3x5i7faxza6xo3ehd4bzzsg2ii4fv2iid.onion/channel/UCXJDX1KK6t121Z9FLhu5o2A"
"onionland","Njalla","http://njallalafimoej5i4eg7vlnqjvmb6zhdh27qxcatdn647jtwwwui3nad.onion/servers/add/15"
"onionland","Shopify carding method","http://3bsrt5o6w2qysgecuwayxgnadtwzexycfab2qxojkz53mhdpzwwr46qd.onion/shopify-carding-method/index.html"
"onionland","AirVPN - The air to breathe the real Internet - AirVPN","http://airvpn3epnw2fnsbx5x2ppzjs6vxtdarldas7wjyqvhscj7x43fxylqd.onion"
"onionland","Alien Threat Awareness | Jake's Blog","http://y5wnzw4e6i7srm2gqadlow5anhlaj5avdkzbwzbmrxwkygxdp7ffieqd.onion/blog/alien-threat-awareness.shtml"
"onionland","Performing network measurements | magma","http://magma.ua4vjlx72wv5crhkificaeysp62hizhazipfshsdvs6jxqvhtkpllcad.onion/guide/run-measurements.html"
"onionland","Feedback","https://password2fofn6xamqgltp6il66zg3smsr2426qlmvucjufkpbbazmad.onion/cgi-bin/feedback.cgi"
"onionland","MED Stratos Relax 500mg","http://wacky5h6yuqcf76qyceh5jc6biphk2jr3g6ltktjvn3fsxu2jmvxxvqd.onion?product=med-stratos-relax-500mg"
"onionland","Rocksolid Light","http://fev4bgoasgxttqb3x3tukxxia6lwryteq6a2ramqb2gjiol3zbu6xaid.onion/rocksolid/search.php?command=search&searchpoint=Poster&terms=crypt3D4TA"
"onionland","Shopify carding method - Fullz, CVV trusted shops review. Is Legit ?","http://7h4ubxxtdf7sbayckr2r244f4mkocohpre23cej4uytwqep6qs7xwhad.onion?p=294"
"onionland","Latest Posts | VDARE.com","https://f2vfjp3jc37gxgn4hum4uf2bhi2w3kp4jbzdwegrn6bvtezbhminobid.onion/latest-posts?tag=automation"
"onionland","What country is the hacker from ? - PrivatService","http://vcihq6mxfpvk36cd33youj2zwxqpgnx4xi3i5pq7zivtjeot75wl3rqd.onion/what-country-is-the-hacker-from.html"
"onionland","b - Catalog","http://onionch6w7tfrf4exxyvivkavfz7cqxa3i4uud4qrrp6esul2yqye2qd.onion/b/catalog.html"
"onionland","/pol/ - George Soros Tried To Ruin Russia","http://tdsrvhos656xypxsqtkqmiwefuvlyqmnvk5faoo23oh2m4xqg4gr47ad.onion/pol/res/11353.html"
"onionland","Refer√™ncias","http://rmazidx3bbaylgvnmqqrlmd3dxa3pywluokeuxqwdtukfurruioabjyd.onion/referencias.html"
"onionland","Show all posts by user","http://eux4gt4qcaiesps5w5rppxcenoe5shapwycums5yuiikmc4mpc74gpyd.onion/search.php?11,search=,author=1128,page=3,match_type=USER_ID,match_dates=0,match_forum=ALL,match_threads="
"onionland","Store","http://mystorebpi3wsqg6y3f7ojptw3e55cylezofql57ds7ekeae5yj5qxqd.onion/about.php"
"onionland","ONIONLIST - Referral program","http://vrrzsuyfdg6fy67bsyseii7cemqryamyn6lm5cigpt24q26c7fbkhxad.onion/referral.php"
"onionland","TorPhantom","http://rw6djht73iqynrl7qivmgzghvivxkeluawlvilpjbwlvxirkngt6n6ad.onion/Ao3TorPhantom.html"
"onionland","The Gonzo Diaries passerer 100K unike page loads (not bukkake face loads)! | DNMNO","http://dnmnoxk5aylzyyczjwlrb7kwgb7hhleuzcv45dwrqjbmzcsdvjxn7oqd.onion/topic/4281/the-gonzo-diaries-passerer-100k-unike-page-loads-not-bukkake-face-loads/6?lang=en-GB"
"onionland","420","http://ffraurkqpjyni7nucjlexjeez6vsxjcrk2jyzshxsxgfrgmldyxiysqd.onion/msg.php"
"onionland","CARTEL DARKNET SHOP","http://sgep5jasthrj72a7xk6vf33rfdqp63pioamd66bvs7ydtlin6j24pzid.onion/product-details.php?id=61"
"onionland","Buy winstrol 20mg/100tab - liniment pharmaceuticals worldwide shipping","http://orange36te7f62wgdl55lvswtibjiuxji4f62tlxvdgmwtwedvrczlid.onion/product/Bq2L4PMBlLy9rreYu5a0FXx3uqAF9Osj"
"onionland","About - DarkDir","http://l7vh56hxm3t4tzy75nxzducszppgi45fyx2wy6chujxb2rhy7o5r62ad.onion/about.php"
"onionland","cryptostorm","https://ciisqbg45nggykdl6rjdrq3wc64csga4vkphu66qsi65mypeitqedoad.onion"
"onionland","TOXIK","http://toxiktgfbenm5cazbuqlutjjrtv7p4i2dqbokq5zledxnp37vic7hiyd.onion"
"onionland","About - Hoodle","https://nr2dvqdot7yw6b5poyjb7tzot7fjrrweb2fhugvytbbio7ijkrvicuid.onion/about.php"
"onionland","About - ShopsDir","http://vxmua4uvg7vp5ssnvx5gexrr2nxso3wwvjwagdub67vcombj4kf4i4qd.onion/about.php"
"onionland","/b/ - Random - page 3","http://atomch2kjtm6mnzvxiwxo7m5swjjgeisve7te4nqylr5bd7y53yrhiid.onion/b/3.html"
"onionland","What is racism? - pol - Public Board - BitChan 0.11.2","http://bitchan5zleliwr7egmn4yskth5k6ofu6qbax3y4t45k3k2plt363nad.onion/thread/BM-2cXVUC29HSjd7rhseJdcSE1m4qSnPPZmH2/7605788844d6f1689a29e4cb9ba31a3d45df3aad9eb1b0ee67baa5876773951e"
"onionland","The Idealistic Future of HardenedBSD | HardenedBSD","http://lkiw4tmbudbr43hbyhm636sarn73vuow77czzohdbqdpjuq3vdzvenyd.onion/article/shawn-webb/2020-01-26/idealistic-future-hardenedbsd"
"onionland","Directory top sites hidden Internet | TOR links and urls","http://cncgjh3azrs3ehee7paqnybxdgo5se63dlt5aqhunzcauui3h7mu5oqd.onion/vote/2378/pos"
"onionland","Directory Rating Links | Top Sites onion","http://lnbpcgk4mem5vvvwilqsk7yb5i2bgtjphnvq37kajdycu56i5omt4cqd.onion/vote/2378/pos"
"onionland","List of links Tor | Best sites onion","http://g3hbygdjjieysdv62hudmopzbn4ccdzyzvygvadu5gyhkzowrwjjobyd.onion/vote/2378"
"onionland","SCPL","http://bvmo2axfy6aetmsddfe6x2wszjkbcechfoajuguxcrkvhssfm6tr2fad.onion"
"onionland","0bin - encrypted pastebin","http://bg5tykafdt3rygzfw3b3s4u3jzvxn6zibat27it6zvsl6cna72d5evid.onion"
"onionland","Onion List - Wiki","http://onionax33cpuvzskcwcwobcv66qwcyfzo24yeowgjpmpp4mklq7fohid.onion/category.php?text=Wiki&page=1"
"onionland","Meth dealer sentenced to 10 years in prison - Dark Web Live","http://bpmv5c5btkcwocecthn4otcewilmtynvbfevfp736ajqc4bsei2oddyd.onion/meth-dealer-sentenced-to-10-years-in-prison/index.html"
"onionland","Home - DutchDrugz","http://22humhreuvurtshun3q4wka2mj4v7scnptlnk7kl2jbgomat34xsqlyd.onion/home?page=7&pageSize=10"
"onionland","HidekiSaitoCom - HidekiSaitoCom Hidden Service (EXPERIMENTAL)","http://fd5tzhhtqsonqnxmvk2qplz5viwedznt3y6rjctv46t5w4q5ljpmcqyd.onion/docs/Tor/hidden_service.html"
"onionland","How capitalism destroys everything","http://digdeep4orxw6psc33yxa2dgmuycj74zi6334xhxjlgppw6odvkzkiad.onion/ghost/capitalismcancer.html"
"onionland","Paste","http://paste2vju4l4ps5z52aqydmxavq73duz5o6yp6fz7jmo4ggl7ey5dxyd.onion/trends/705"
"onionland","RE:Refuting Libertarianism","http://www.3vhdtqp4jzllcn3fczzx5locmfllicoimvk4xzthfuqdcefjkumgcnad.onion/articles/re-libertarianism"
"onionland","Buy password protected wallet.dat with 10kBTC","http://wallns2kgvmoswogbtfpmvl7mdk2lc7ikn2mlyg3wlffxsftbfxcqtqd.onion/198btc.html"
"onionland","About Us","http://blacg2xog6rwrorkst3ubxcttcxkikttlkgzi6lfy633be5o7rf4vpad.onion/about_us?8eaa241d4d9d=1"
"onionland","Iv√°n √Åvalos - Iv√°n √Åvalos","http://4hebgytoglz5paicfhx2ltrrjc7y37tjndk2prrahw3x5df5u4gfogad.onion"
"onionland","Shin-chan","http://l4pcdsvyckfixcb4uoy6xkmnvfyrmgg7m6q2xbr7yo4hlrlhdfnzbjyd.onion/13.html"
"onionland","Sigaint was seized as part of an MiB investigation","http://cqvzzdeu7nveqzuwnv3f4cfft7vmc7jvkumz366gyoucqpnycmhltiyd.onion/wisdom/thread75bc.html?file=sigaint-was-seized-as-part-of-an-mib-investigation"
"onionland","NO TO CHINA","http://tirxscsg3pcenlff67ecn2kb3jfv3ori7bgwryyn7btktohfdkms2cyd.onion/about.html"
"onionland","(Untitled)","http://jgsddmoydcdgspb3amzsk4ejt2jphn25cdmps2hf6wba6gfbzgj5nqid.onion/Encyclopedias/Encyclopedias.htm"
"onionland","Hire a hitman | Hire a killer | Hitman services | Wetwork on onion","http://hitmwux4w2wmg5oeqjqzgt6aeqkficlkjw7rejwkbec4xxye7prpxkad.onion"
"onionland","Buy 5x lsd hofmann blotter worldwide shipping","http://orange2counrpkqus434iiqgovrxdnuadk4jkm3sf6tqpxkxikydjdid.onion/product/DE6o1SIEFqEVc7FNEjBgiUEsgRcafoOG"
"onionland","The Tor Project Crowdfunding","http://sqgf7aihkpxwdtcb3zjf62jo63o5yqjckukioas3aropdmcay4ymepid.onion/apps/3kKkNApts1Gs5QXZ3y2CUqWeRxhY/crowdfund"
"onionland","GlobaLeaks - Free and Open-Source Whistleblowing Software","http://vnchbkzryteygshp53p6zfya7jyrzaugjzmfwtejh4acnaxnm47t2nad.onion"
"onionland","Onion Search - FreedomHQ","http://freedomzw5x5tzeit4jgc3gvic3bmecje53hwcoc3nnwe2c3gsukdfid.onion/search?query=blog&page=91"
"onionland","GitHide/TOR: This is a self-updating read-only copy of the TOR source code repository. - src/config/torrc.minimal.in-staging at 4a0cd79588d2a472ab81e4f1d0e1e1bf6f2b390c - TOR - GitHide: Git, but hidden.","http://githidep2hynhdmutuv7n2tei4iie2c7lyqz5fes3r5zzoxe5dshtxyd.onion/GitHide/TOR/src/commit/4a0cd79588d2a472ab81e4f1d0e1e1bf6f2b390c/src/config/torrc.minimal.in-staging"
"onionland","–¶–µ–Ω—Ç—Ä–∞–ª—å–Ω–∞—è —è–º–∫–∞ —Å–µ—Ç—á–∞—Ç–∫–∏ –≥–ª–∞–∑–∞ - –¢—Ä–∞–¥–∏—Ü–∏—è","https://traditioe225fc22n4xhtlabsvo6wuddvunbffssketkq2pmygdnhwqd.onion/–¶–µ–Ω—Ç—Ä–∞–ª—å–Ω–∞—è_—è–º–∫–∞_—Å–µ—Ç—á–∞—Ç–∫–∏_–≥–ª–∞–∑–∞"
"onionland","Best Bitcoin Referral Program - Investment Platform Doubler Bitcoin","http://e2mtjhwu63uox553pyhs72h6sjho45zwxf3l242b3t52y4z6mw542uid.onion/bitcoin-referral-program/index.html"
"onionland","Meditations","http://sophos5pjgr3zfwijt4tpio6t742ynrt4abaohph3wgl6rp4exunnmyd.onion"
"onionland","Swab The World | We're all created equal until blood cancer strikes","http://jqzvf5enqyprogm752bt62x42b3itl2cvdtfxbxa2fhuwrhhndrsf7yd.onion"
"onionland","Computers, laptops, phones, gaming - at retail or in bulk - Windows or Linux by your order. Full escrow.","http://qqlslqc7b3bjqmrs6bwv6ldqecodwieoefnxbniz2hcd3ygco3ixgfqd.onion/place-your-banner-for-free.html"
"onionland","Top Onions | Markets","http://toponiibv4eo4pctlszgavni5ajzg7uvkd7e2xslkjmtcfqesjlsqpid.onion/cat.php?cat=markets&page=9"
"onionland","Product Details","http://qj23jt2xi56o5wuqpptczrmvjos4gyyua3e66pcxcorgzupjtrlo7uad.onion/product-details.php?pid=43"
"onionland","Blaise Haskell","http://r2dfwdea3l5fcf37tt7drfupkqoxmuamk32x6gv67djnghvytckrv7qd.onion"
"onionland","Tor Market","http://alias1.rrlm2f22lpqgfhyydqkxxzv6snwo5qvc2krjt2q557l7z4te7fsvhbid.onion/products/ebbd27ba-4bbd-4983-a04a-076b257061a8"
"onionland","Logs for the MRL Meeting Held on 2019-12-23 | Monero ‚Äì sicher, privat, nicht nachverfolgbar","http://monerotoruzizulg5ttgat2emf4d6fbmiea25detrmmy7erypseyteyd.onion/de/2019/12/23/mrl-meeting.html"
"onionland","Optimise scripts to allow deleting old nginx log entries - shell-scripts - Unnamed repository; edit this file","http://opxr3vfzliykjbkqf6uvvmagscsc77iyq5xe6dglnh63yip4b7zkhpqd.onion/shell-scripts/commit/fc82b6d83f515869305c1d84f4685d47614c0c43.html"
"onionland","SRWare Iron ‚Äî Spyware Watchdog","http://spywareitdaiuyfo2sqb5vsg7mek5cjabdr73luhnda57t2hyuzg7yyd.onion/articles/iron.html"
"onionland","Blitz the Ambassador: ‚ÄûDiasporadical Trilog√≠a‚Äú | Denkbares","http://pr3ygifxd23xu43be2fegjjsk5jlb22q2va2h5apz76ejbvammeclkid.onion/2016/01/31/1-blitz-the-ambassador-diasporadical-trilogia.html"
"onionland","TinyIB","http://tinyib3eidonezb5loyenqdio63xopxlafify43o3iknh4emuuad5hqd.onion/catalog.html"
"onionland","About - DutchDrugz","http://dutchdfxnrnknbs3cx3rq43llfr5xlym27k6ctjyaa6zmcjyf5o5o7ad.onion/content/f262d228-af1e-4da9-b479-0b8a91158ea0"
"onionland","Tasty Onions - Deep Web Link Directory","http://22tojepqmpah32fkeuurutki7o5bmb45uhmgzdg4l2tk34fkdafgt7id.onion/exchange.html"
"onionland","HDDoro - Hosted in Space","http://gffi27vwr36xdxfceft52f46dj25zghtmkzi7afj53gfgh3dykbfsgad.onion"
"onionland","ONIONLIST - SAFE .ONION LINKS LISTING","http://njy46bp6yhzdarsnps7iwp2u3o3wzj2ogmyjqzpiiyb3lvoamynskhyd.onion"
"onionland","Free ethereum Generator - Generate eth for Your Wallet","http://ingibvrepn4qoilfznrfabtvn732sgiai6hhav4kyyqb5selsxsy7gqd.onion"
"onionland","LocalMonero","http://nehdddktmhvqklsnkjqcbpmb63htee2iznpcbs5tgzctipxykpj6yrid.onion/nojs/captcha"
"onionland","Tor Photo Upload Center","http://vkti6o6dxbhf3zxian2eb5263hmucvmpciwjqu2m6zhmujxdsymzy2qd.onion/Contact.aspx"
"onionland","Accord d'inscription","http://fbmfrep4ob56v3g75coufuzkmctsig4seo357ihf7arbfjbmqp75f2qd.onion/index.php?action=register"
"onionland","Meth Wiki Links","http://o6zevm3yj662gkhxriuboj27jyvqn5gwrak3g2pu4ganl7h2gd5dbqad.onion/dir/meth.html"
"onionland","World Market: Are you a bot?","http://5if72xr4q3zyoqkxva22xjagt22e2vq5iwjphkkcfnqszgltrehfesad.onion"
"onionland","UndergroundRelay","http://7h6refn7dz2big4cxsgwrd2dp6botfb5o5azfq6za27g56axgsfpdsqd.onion"
"onionland","Frequently Asked Questions","http://no-js.btcmixer2e3pkn64eb5m65un5nypat4mje27er4ymltzshkmujmxlmyd.onion/help/faq"
"onionland","delaytor/main ‚Äì DTG projects","http://dtracxgcljuzty3pth43wavsszld4ohjkt7r5tobagl3lqvmew26ycqd.onion/wiki/delaytor/main?version=1"
"onionland","TOR WIKI","http://uquroyobsaquslaunwkz6bmc3wutpzvwe7mv62xeq64645a57bugnsyd.onion/adv.php"
"onionland","Register","http://lvpkqi4767vwbijaebh4y6mzto65ksvtltae2uulfa7wmtox32ioxcad.onion?page_id=67"
"onionland","Deep Search","http://search7tdrcvri22rieiwgi5g46qnwsesvnubqav2xakhezv4hjzkkad.onion/report.php?url=http://women-torture-porn.freevslvtmyeasga4jccondutmbkqipb42loxqirtfz2sk7tjvtqmiyd.onion"
"onionland","Submit new link | Signpost","http://signpostcjbbviqdhfbtocj6dthbd7cpvo3tpwrrfhkkk4fafjd53nyd.onion/submit-link"
"onionland","General Tor Links","http://gtl3bpvdnzijqmna2sd25ktixabzt7pval6fpkd2ur6vpov52zzv74yd.onion/adv.html"
"onionland","DarkShare - Home","http://ex2fqi6qmn4e2uw2hmfvxstofx3nshykcbgqejhcteyhf67zyfvqqryd.onion"
"onionland","MDMA || Dutch Quality MDMA Crystal || PMK Oil || Max Purity 84% - DutchDrugz","http://dutchd6hmhqcci5ehgsbmf3ps4juc6mqzgjbpbbkczirct6b674sciyd.onion/listing/4dc38fee-b6d1-49ec-a2a1-678798c5b58f"
"onionland","Code of Ethics - Duckers","http://3qpzilhobdujzsoyjxggbedxvgvg6tczdev2s4siqkoky764v6yg6vad.onion/code-of-ethics.html"
"onionland","KATO KOMA - The Mix Collection (Part 1) (39 Mixes) (2014-2015) torrent","http://btdigggink2pdqzqrik3blmqemsbntpzwxottujilcdjfz56jumzfsyd.onion/4ccab6ca7ac8b16937acf86ebb893ea507f31e16/reggae-mix"
"onionland","Projects - KHicks.net","http://khickshqi6k7zhpntdma7bguzxuutgjhb23cnfbehz3r4odggv7yy4qd.onion/projects"
"onionland","Typo and Sleep :: Kaizushi's Little Onion Server","http://kaizushih5iec2mxohpvbt5uaapqdnbluaasa2cmsrrjtwrbx46cnaid.onion/page.php?q=blog&b=typo-and-sleep"
"onionland","Super Attorney - Donate","http://cxhplzzcoxp5hj5vribmjpxovj3ggcvlokxa4oecxuck7dp4iiepz3qd.onion/donate.html"
"onionland","Links Dir Tor | Urls sites onion","http://it65gnp5nlaynphnxk3nl7z5ks3geweybemicz36got5c7i7xwjmygid.onion/vote/2606"
"onionland","Catalog","http://torbuyxpe6auueywlctu4wz6ur3o5n2meybt6tyi4rmeudtjsysayqyd.onion/catalog/products/samsung-galaxy-s10?pid=2166"
"onionland","(Untitled)","http://torbuyjiwzgtnmieg62urzu3mfjzv35dt4ghpal3qkugzrq74urt45yd.onion/registration.php"
"onionland","Shopping cart | The French Connection","http://abyssou4y5ang24dn4cfkrwd3fsiczx7xg7n7mzlcthrpktfcar6j2qd.onion/cart"
"onionland","About - NULL Message","http://74b3as5fsvxirkrzxbzukugry5la56ilhsqa4yzwhw7bevcydc22tlid.onion/about.php"
"onionland","Containers of 10 x 200 mg CenForce pills || Generic Viagra || Official Medication || Sildenafil Citrate - DutchDrugz","http://dutchd3rwqmuvwdjtoj5lzrdwjoj4vyl7h7seu5fxsdsdah4vltwruyd.onion/listing/b7fc72fd-b7cc-4fe9-b2b1-6a027684d17d"
"onionland","Reason -__ The timeline","http://axo6wll7qszvny5uksdmq6x6r2i7gfkbmc3vhxbgopor4fwlh3btqfyd.onion"
"onionland","–ù–µ –∂–∏–∑–Ω—å, –∞ –≥–∏–º–Ω —Å–≤–æ–±–æ–¥–µ... | –ü—Ä–∞–≤–æ –ª—é–±–∏—Ç—å","http://rtlovebxmpkcyl5oagy4uyvykg2tnn7cgowqxhpwxz2cphfdpobvh3yd.onion/node/215"
"onionland","Onion services, the","http://chel4ai7y4xmkr3kgrwfddc5jjzjfhga7dult6btzola2eogsujiziad.onion/2020/02/onion-services-the-dark-net-and-the-law"
"onionland","BlackHost","http://blaca6d23ihp6u5a7rm3trhndo3axyhplu6npcs23ex74kuprqgbsoad.onion"
"onionland","Post new reply ‚Äî Host a Deep Web IRC Server for More Anonymous Chatting ‚Äî Guides ‚Äî DarknetBB","http://i4pk4l4s7odlbjpdh7hza5m5z6woc4meo36atzdpybvkwgu67l22v4id.onion/new/reply/7/quote/9"
"onionland","Tor Project | Donate","http://yoaenchicimox2qdc47p36zm3cuclq7s7qxx6kvxqaxjodigfifljqqd.onion"
"onionland","Tor Relays :: summalummadooma","http://d6amkx45augz4kskvjryv3bmmwyf7vw4k3uwxsh5egnibw2igl5aozqd.onion/relay/4E98AA295B7171996D18DD1F6A19F64AB4036B4A.html"
"onionland","Why Post-Quantum Cryptography is Important","http://owlzyj4to3l5daq6edgsgp5z4lh4tzlnms4z6jv6xdtkily77j4b3byd.onion/blog/post-quantum-cryptography.html"
"onionland","My Cart","http://gqriba2ugmfqgp3r5j5q2axnnqapep3sq257rirmf4ikku6pjntyaiad.onion/news-details.php?nid=1"
"onionland","Freech","http://freech3w5dxcq3qdhkij3mzxalfw6gphgp2ufd32keyjkdctjr5lcoyd.onion/kareha.pl/1602688111"
"onionland","Vote for ""Freedom Forum"" - The Dark Web Links Directory","http://sz5h6tiqkdkfl55qa3kcxgzck3xeffo6cso7sjpc7hc7sr3vghdyicqd.onion/siteinfo/552"
"onionland","The Guardian | SecureDrop","http://xp44cagis447k3lpb4wwhcqukix6cgqokbuys24vmxmbzmaq2gjvc2yd.onion/generate?l=hi"
"onionland","Tor Browser ‚Äî Spyware Watchdog","http://spywaredrcdg5krvjnukp3vbdwiqcv3zwbrcg6qh27kiwecm4qyfphid.onion/articles/tor.html"
"onionland","OnionLand Hosting","http://dwebkjkovsjobzrb45dz6prnlifnapiyp2dba33vcmcsaikr2re4d5qd.onion"
"onionland","TruthBoard - General Events","http://unbfi44beyfhqpcjkwkbspxdoqzy6qcxc3wkqqxxeviyzcekaxztgmqd.onion/viewforum.php?f=25"
"onionland","Ethereum Generator - Generate Free Ethereums","http://xu5dw5izkd5acb2z66vkbh2hgkxajtyvj7txg7sttpozpk5mx7nuqcyd.onion"
"onionland","Childs Play - Kiwi Wiki","http://py4ajiixzsrncplhbhv4kt44ibuzsqktezhmong6ureuz2mya6tsziqd.onion/index.php?title=Childs_Play"
"onionland","beatnix","http://beatnix7ophzvbydolrjheu2w7dcwywmzrxzjp36u637ijif6qgzayid.onion"
"onionland","Recent Onions | Hidden Link Directory","http://hopywvn4ae6v4qiy7pywitka4assgvjg4njdjadkchugzokungzvpgqd.onion/index.php?show=recent"
"onionland","The Hive - Product - Buy 1g of Ketamine","http://thehivejtg62wjizp7vhrsxmmyfazznyahey5fmmj64qwdp6e3pg4gyd.onion/product/55ade460-13a8-11ec-b70b-3301b43a11b4"
"onionland","Dark web - Cryptowise Wiki","http://cryptowcsnkbmlumidvwptea3rj6wst26k4wp7ac4kpc4cjvcekizlad.onion/index.php?title=Dark_web&printable=yes"
"onionland","Legal Information ¬∑ Offensive Privacy","http://offprivqqdxfmssktx3y5h3miqvceq6yy37s5sxkhz4mojvsz74ohqid.onion/legal"
"onionland","[+] HackSquad","http://hsquad7ikj4ejivl7e52rdfcvtgpqueqzu27wq273noeoi27y6kglxad.onion/payment.php"
"onionland","10G: DMT","http://4m3bpvwukc6jmkhlwbqmn7h2mjsrgoecytum7k5psbw72anelvcakoid.onion?product=10g"
"onionland","Agile Research Lab - Cyber security. Everyone has right for private communication | AGILE 9 INC.","http://j5xoc2i2eeobmnotkhoozdg3y5wpd7kki7mfe2l56qhxqw5xyvk7osad.onion"
"onionland","InfoCroc - Does someone knows, how to make an easy bitcoin payment system for the darknet?","http://zesrjelnymntpzxqhd7vvw2lenrqwj5fnq3ng2tvyp27mejdorncqiid.onion/archive/index.php?thread-15_html="
"onionland","Angelina's AngelPharm: SunPharma Waklert 150mg","http://angelrxguo6un2nqhdhpxwqa34awi3agelbbcrbl4rgfjzkevqnkn4ad.onion/product-details.php?prodid=88"
"onionland","BITMIXEQLPDBDRW2XVQUVAXGJKSCUZVT4RWOVHGCSNQRGNUEKO4J4JAD.ONION | High Volume Bitcoin Mixer","http://bitmixeqlpdbdrw2xvquvaxgjkscuzvt4rwovhgcsnqrgnueko4j4jad.onion"
"onionland","–ü–æ–∏—Å–∫ —Ç–µ–≥–æ–≤ | XSS.is (ex DaMaGeLaB)","https://xssforumv3isucukbxhdhwz67hoa5e2voakcfkuieq4ch257vsburuid.onion/tags"
"onionland","Update","http://it7otdanqu7ktntxzm427cba6i53w6wlanlh23v5i3siqmos47pzhvyd.onion/johncena141/Linux_Game_Pirates/commit/c1e501d0c1610dd7a9822d9259a1de7a0310ca33"
"onionland","Multiply Your Bitcoins up to 800%","http://moneydwu6lqjy5ax3fx66c3x5rw7jih3gcki5izhnoq5nmif5ttoizqd.onion"
"onionland","Freedom Hosting Reloaded","http://fhostingineiwjg6cppciac2bemu42nwsupvvisihnczinok362qfrqd.onion/"
"onionland","pfpmd","http://pfpmd7dd5ijt4add2sfi4djsaij4u3ebvnwvyvuj6aeipe2f5llptkid.onion/chan"
"onionland","AeternasHost","http://aeternaqrsedlqeoeh7dbuzkxketvc7mfsl3neew4eb3ph5bfb5rgvad.onion/terms"
"onionland","TORXMPP - Jabber server","http://torxmppuubtxewjh4wu54bsvcz6d6zab5iobbkdczdlzoom7weksetid.onion"
"onionland","DeepBoard - Your homepage on DeepWeb!","http://wxmxkyyfhxsh6lm2lanxpdics7uxc4g6dy7etbkcsdrzlm3qjeakrbyd.onion"
"onionland","[TorBox] The Tor Mail Box","http://torbox36ijlcevujx7mjb4oiusvwgvmue7jfn2cvutwa6kl6to3uyqad.onion/relay-en.php"
"onionland","Dark Web Hackers Academy-real world BlackHat hacking tools","http://k772s5qvq5bpfkesa3rvgv42hi5reuaallvopbsveuah4orjwj5uhcad.onion/blogs/blog_post/brute-force-account-testing-using-burp-intruder"
"onionland","DEF CON 28 Safe Mode Planning - DEF CON Forums","https://ezdhgsy2aw7zg54z6dqsutrduhl22moami5zv2zt6urr6vub7gs6wfad.onion/node/231980"
"onionland","Contact Us","https://swonderstzr43aczpcwdoyc25vwxngyromja7pyb5sf26ap3v535sxqd.onion/contact"
"onionland","pfpmd","http://t77eir7lxmbawattqzj4aaeuilqevgm62g5g5tzvgmxrlp66bnhcxqad.onion/ui2/chan"
"onionland","The Future of U.S Intelligence Community 2.0 and Intelligence Gathering Dark Web Onion","http://hnto5gtas6ufrtpwkuyklz2vjdtrm7krdrlrjcpsyk36alopqviprbyd.onion"
"onionland","qorg11 - El ke okupa preokupa","http://lainwir3s4y5r7mqm3kurzpljyf77vty2hrrfkps6wm4nnnqzest4lqd.onion"
"onionland","Asset Operations","http://b65ze74m3lamadtwj2pewolciq3gxafkvjbekxejz67ar32gqbp5v4ad.onion"
"onionland","Semi-Relevant Announcement","http://wildsykmfp3mve4bh6j6zj64urwlxqrxegryeumnh4mnr6w4xtjj6yqd.onion/post.php?p=26231"
"onionland","–ü–æ–ª—å–∑–æ–≤–∞—Ç–µ–ª—å DarkLord - –°–∫—Ä—ã—Ç—ã–µ –û—Ç–≤–µ—Ç—ã","http://ru.answerszuvs3gg2l64e6hmnryudl5zgrmwm3vh65hzszdghblddvfiqd.onion/user/DarkLord"
"onionland","Home","http://fyeorhtyagpxwbd2gqqodywbxaoplm5tfk7zpkqdpnjsbiemlh3kckqd.onion"
"onionland","htop is talored to your hardware lol broke ¬∑ 4803d01ba0 - dotfiles - gt kallist","https://gt.kallist4mcluuxbjnr5p2asdlmdhaos3pcrvhk3fbzmiiiftwg6zncid.onion/xfnw/dotfiles/commit/4803d01ba09e1e45bff5ec564cfefd0ceb41e6b1"
"onionland","Hire a Hitman | Hitman Services | Hire a contract Killer","http://lj5ponocadanu2vi7ol2g7o5h5btsql7twh6vlmys6ejvgybbfp22kyd.onion?item=thread&tid=147"
"onionland","/random/ - info dumps","http://26yukmkrhmhfg6alc56oexe7bcrokv4rilwpfwgh2u6bsbkddu55h4ad.onion/random/res/347.html"
"onionland","Privacy Policy","http://6yyssrb4r6vw64nk7evs7g3m3htzdcpj6iicxmx3diwg2ix5lhohrbad.onion/wisdom/privacy.html"
"onionland",".Onion Urls","http://m5pvk3wnoht2qao72nhj6ainy2lq7ucnlwid7zzcfixsxq3bdirckiqd.onion"
"onionland","Gulag-chan","http://ol4trlhh2pnjzjo6lnnkq2lhjrklpnhoxmwb5poiz4x5srdpeffsbpid.onion/res/110.html"
"onionland","Sky Host - Best Tor Network Hosting Services","http://yuugwz527rcwzhicwdtzd6dmxtnd5dpb5upr7xnd7ii4dzemzhkxfyad.onion"
"onionland","Hacking | Darknet Home","http://catalogpwwlccc5nyp3m3xng6pdx3rdcknul57x6raxwf4enpw3nymqd.onion/hacking"
"onionland","Privacy Policy","http://biu2c4zjzt5mnsmfjfcnisxzybhmliwxobdblcgpa2afc3mj2ilvqfqd.onion/wisdom/privacy.html"
"onionland","Ninebot Max G30","http://deepmexzsejpzqid3k7knaas2p73dko6kxgpou7oey7vqtmrhopjyqyd.onion/electric-scooters/ninebot-max-30g"
"onionland","AirPods Pro iStore","http://secrlfgkzc7cgmzvjvscdccj6gqkdisfan7slrrwicribmbxo6v6uwid.onion/index.php?route=product/product&product_id=121"
"onionland","Is Bitcoin mixing safe? | Tumbler","http://v6nptvetl7zflb5gturfeetcypfng7ueuxsyhcrq33coev4pvnqcjqqd.onion/blog/bitcoin-mixing-safe"
"onionland","Shadow Forums ""Say Hello! - The First Thread""","http://us3xsdrhmhk4h3bkuq7ttkp6pocs4726esycpgwtogrpu3nfjj6eroqd.onion/say-hello---the-first-thread.1"
"onionland","A Prepaid Credit - Card Supplier","http://fwbw6sw2fxo6h52ttc7ne6rznb3rac5fwa5dlcwoej5pmpannc4aejqd.onion"
"onionland","KINGDOM HACK - THE WORLD OF HACKERS - HACKING","http://ncnaryy6dh4bwcchdhpnq4yzx2zkckeurhry6m5utmzopp5gizj4wcqd.onion/index.html"
"onionland","Bitcoin hidden full node","http://bitcoin4x427bkoozfk3uxut4cssb7ufh3fnb7phcbhpietuwrsfllad.onion"
"onionland","Rhizomatix Blog: Experiments in Technology as Freedom!","http://kse5vsklszkdm6tnqzbrd6ry2ohrqlljnpz65qkno63goqzzsjahazad.onion"
"onionland","Onion Link Directory | Onion Link List 2021","http://onionvjilpl7htwn3227sydpfd24gepwctvyoa5c3nyqltttyigib6id.onion"
"onionland","Real Market Place: where you can buy and sale All type of Weed Product Online","http://rmesakvqh257x4o6fljicw6sm7ykh3m3x6fadcritnsigz2orle3s4ad.onion/product-details.php?id=41"
"onionland","Don't Hate The Media - Choose Different Media","http://ydhuxfhbr5ouv277vz3wavom5yajfcudt7nepxazqc64ncoxhjlqdbid.onion/resctvlib.htm"
"onionland","public-inbox.git - an ""archives first"" approach to mailing lists","http://7fh6tueqddpjyxjmgtdiueylzoqt6pt7hec3pukyptlmohoowvhde4yd.onion/public-inbox.git/log?showmsg=1"
"onionland","Explore - Gitea","http://git.l4qlywnpwqsluw65ts7md3khrivpirse744un3x7mlskqauz5pyuzgqd.onion/explore/repos?sort=reversealphabetically&q=&tab="
"onionland","DeepPorn Porn Tube | Rape | Zoo | Snuff | Torture | Revenge | Hacked Cams and Phones","http://aryzvah3eurqxgp4qz6bhdw7lzp6bpran2ylvxmoqywfq2ojwup4zyqd.onion"
"onionland","Apache Status","http://yj54cqljnumf7r4mxt4bjfsobvcb7ekzgtpcgtwhldyd4gya4xfuzbyd.onion/server-status"
"onionland","20 Canadian Dollar COUNTERFEIT Notes And SSD Solutions For Sale","http://x2nw47q4hc3aohdfomt6yqpxco2vq6urkrqqyps3jsw3uc4urwi5wbyd.onion/20canadian.php"
"onionland","BBVA Bank - Bank Logs","http://gfa77iir5f7hkndryl7a4sq6fh6ivjqbgq2cesdh7dxoteo5sfcvzwid.onion/bbva-bank.html"
"onionland","Deep Web Links Tor","http://z5zmar3i6yf4ds6nbbl3e4pxwptvotrrvlixmbtxsaw5c6vba5kcj3qd.onion"
"onionland","Cannabis Store Shops","http://dv5fdjnycm45dcrywly5celwuinu65y2idlfyu2nebbo2u5wunbfmryd.onion/product-details.php?id=41"
"onionland","Support the Tor Project Today!","http://lkfkuhcx62yfvzuz5o3ju4divuf4bsh2bybwd3oierq47kyp2ig2gvid.onion/cryptocurrency"
"onionland","Duck CVV | Register","http://duckcvvpi4m4s2wyy423nu3wpn6rdvnsm623azwx2cwf6s3fzcutqiid.onion/register"
"onionland","Cartel Shop","http://plcq634tp2rvkfs5eui74nvgvkiyy3525oitpde5f2ci5nxygqedyiad.onion/product-details.php?id=41"
"onionland","Index","http://eanlib5vz6dt4idzavqg77sz7gdx76bbg5ah5p6qzyauesy7a7pgppyd.onion/library/collections/murdercube/Computers/Practical Unix & Internet Security/index/idx_t.html"
"onionland","/quests/ - Quests - page 1","http://trashchan2rvdng5zm7346sfxrrkjwvqzolw4lfdyldcsdpmsyj4dkid.onion/quests/index.html"
"onionland","Apache Status","http://ou5tab3bxxlods6h42zuhnpdifnrv2ui4vcxgiyddcvh7qhmhnsmmbid.onion/server-status"
"onionland","Library of SMUT - Authors","http://gs7mpabfzdsqwei7vvcr27aw7gzq7ynkjzqwv23gvtc5dcpiououn4qd.onion/eZ9dBlcbpzr9DD0bU5CWqC-Mrfd-b1t1CpJsoErkfl5B4kAE2J6Je6WiLwRTkiFC.html"
"onionland","Barclays Bank - Bank Dumps And Pins","http://rbo6jqx5ui7wuhssl6xhdmwj4oblctnpy7eddnszrxat5znmmdj3oayd.onion/barclays-bank-logs.html"
"onionland","Milkway Market | Buy","http://fplyp4yi6wb4dgfsfczhqclqeg3yej7yp2opybqb23se5egjosje7vqd.onion/product-details.php?id=41"
"onionland","20190908 - marusu's hole","http://marusucmbb7who4jvezghz4d76jnzsxfcstoflpm3ec2biflu5ctyoad.onion/blog/2019/0908.html"
"onionland","The Hidden Index - Search Engine","http://7j7kvbofntfxibmaq5roro2s4574fuomkjl66uiwyvroht2aritq27id.onion/index.php?category=5"
"onionland","Redpill - Donate","http://redpilltthxgjooxmm5hpfrysvl6w3fxcmhzbqrvu4t5z4we3n57ahad.onion/donate.php"
"onionland","Excavator - dark web links","http://2fd6cemt4gmccflhm6imvdfvli3nf7zn6rfrwpsy7uhxrgbypvwf5fad.onion/search/dark-web-links?per_page=360"
"onionland","GUCCI GANG","http://hiddeyzlx4z6puynhuzmn2gttws6o5hszokfv47d7umcqzswsxxsd6yd.onion/fake-money-gucci-gang"
"onionland","lists.riseup.net","http://7sbw6jufrirhyltzkslhcmkik4z7yrsmbpnptyritvz5nhbk35hncsqd.onion/www"
"onionland","Onion Dir Urls","http://5baxmcbscccrqud3jr7bkjpsenwfmw3glfal4rnmlzm43tutedi6ytid.onion"
"onionland","Onion Links","http://wm7zm2emfnvmjnxfpqen3vvalflcgikykc65mjupxnqbmyj3xg7elcid.onion"
"onionland",".Onion Links","http://rqanf6swmlvphedh5iqxe3htlnsl66waapimhidwcsrr72fmcjfugaqd.onion"
"onionland","Sites Onion Dir","http://ihbiszc7fqnijjiolq7tophfjbzyubcgi4uldr47eqg42cbe4twrofad.onion"
"onionland","Tor Browser User Manual | Tor Project | Tor Browser Manual","http://dsbqrprgkqqifztta6h3w7i2htjhnq7d3qkh3c7gvc35e66rrcv66did.onion"
"onionland","GRACE","http://kmdsynjxeyrry3rh4d6rapim7dpri5rxbb7ejh3et3jrdisas4tz4xyd.onion"
"onionland","Light a Virtual Candle","http://lz2wzmn6em6uaaqrbngn3nkjl7x647la5t62bppxdvxpkplwflm5vjad.onion/all-candles.php?page=2"
"onionland","2.3. Hardware urƒçen√Ω pro GNU/Linux","http://5ekxbftvqg26oir5wle3p27ax3wksbxcecnm6oemju7bjra2pn26s3qd.onion/releases/stable/arm64/ch02s03.cs.html"
"onionland","Mix / Processing Screen","http://btcmixer2e3pkn64eb5m65un5nypat4mje27er4ymltzshkmujmxlmyd.onion/help/trade/mix"
"onionland","Aan√≠","http://kallist4mcluuxbjnr5p2asdlmdhaos3pcrvhk3fbzmiiiftwg6zncid.onion/aani"
"onionland","Last Rated Games - Free Adult Games","https://gamcored5widhilqmnyv7msosxpcqsvyunyljk6sx6swnzmzy2km2oyd.onion/last_rated"
"onionland","Apache Status","http://lnmj53nrnnx34qwylq56lakvp5mlbkltgj66krumt7ou4xykggeih6qd.onion/server-status"
"onionland","Cypherteca","http://cypherteca.pl7ikdtkxbs2tig4aqogoexn55nb33637m6ue7p57iumscspgibbb6qd.onion/index.php/livros/index?busca=sociologia"
"onionland","The Gonzo Diaries | The Diaries of Dr.Gonzo","http://drgonzotwg3ric3bte3k4yucehsrbljnn3cj3c3lv5brvbmy4vpfm6yd.onion"
"onionland","Support the Tor Project Today!","http://wiofesr5qt2k7qrlljpk53isgedxi6ddw6z3o7iay2l7ne3ziyagxaid.onion"
"onionland","Hire a killer | Hire a hitman | Contract murders","http://bi33xa56yxamyuhqxh7nt4qmwehdm2mxu73spqiw77pwqvwcroq2v3yd.onion"
"onionland","Bolivia Cocaine( 5grams )","http://2i2fclyrwgbbyfccanlvz6hofos4hz3dlelpuegezipmnyoihtrwzvyd.onion?product=bolivia-cocaine-5grams"
"onionland","DarkToolz | Devices","http://az7wzedqzy7bhwr4ia4ehdhetyxqutg2wqkcspiz44c2okxtanbq5rad.onion/devices.html"
"onionland","Fast Bitcoin Doubler - Cryptocurrencies","http://fastbtc6fdgyz3ktdk5pyxyfdrbakzc52ln2ovzimjwoolsa3tvxq2yd.onion/001_how_to_buy_litecoin.html"
"onionland","Apache Status","http://a32lpvenw7fkwnnskcoehnplre6zj2rvj2hs6wwddxtrrtiro6hdzuyd.onion/server-status"
"onionland","cor - connection oriented routing","http://4tu3o5cyf7ru4ywz35hbulfu236jo7o5ejv6imlmy2ymt4xlkgbww6yd.onion/projects/cor/index.html"
"onionland","Casual Sex Preservation Society","http://5afdv2wa2qserrhvtksv4smoefzyqqamopg7e7ulbukt5mirgwurhayd.onion"
"onionland","100gr. O-DSMT (novel opioid) - Cindicator shop","http://cindic2isq5nv257zflxkzqfaqj3vn5bmv5soajk5jgyi4hxnhnhn5id.onion/listing/000118cc-d7aa-4c03-b350-802e36f19384"
"onionland","PrivacyTools - Encryption Against Global Mass Surveillance","http://privacy2zbidut4m4jyj3ksdqidzkw3uoip2vhvhbvwxbqux5xy5obyd.onion"
"onionland","Home | Towards Liberty","http://7a5eaokoytoqpp6jgklwg5kevzltv2cclwzbyvakyzaeghe4rqipe7ad.onion"
"onionland","tim - TOR Instant Messaging","http://timappziaaomrpyiivzijuat4obusumxoipcrw5rinugcfq4bffuenad.onion/useragreement.php"
"onionland","[5 Grams- 1 Kg] O-DSMT (Novel Opioid) - Cindicator shop","http://cindicedi3ec3ewoge5x2kab7ph4eohvgkwkrqntznzihgq36x4mr5id.onion/listing/4b617d06-1dc4-4a0d-b935-2893e3023219"
"onionland","xmrguide","http://monero3tssjogwg5rj37hiawndkwge5eio5wtgwvt32fvzu5drpmzlqd.onion/help/nodes"
"onionland","Skunky","http://vbs5ngoadqcbatffbbdcynsmqkirtax4vw5ztlnlrgvnc3iqj2iiiiyd.onion/ukcheese.php"
"onionland","BTrade - The easiest solution to invest in shares with bitcoin","http://txifar3bkh7nr66xmw7e5yrqkdcowtxvfgtajedcml4naebfqaejofad.onion"
"onionland","Freedom of the Press Foundation","http://fpfjxcrmw437h6z2xl3w4czl55kvkmxpapg37bbopsafdu7q454byxid.onion"
"onionland","Cash Machine For Everybody - Easy to use - Paypal Account - Paysafecard - US and EU Credit Cards","http://wvswt7bro2pa6fidbs4gvl6xn6dmkzrb27mzaw5pbh6pqxx5riscoeid.onion/howyoudo"
"onionland","UK Cheese 60g / 2oz","http://k5xjq7qjznec3e4piekgripeccmwntzsbjye5culonlpeg2nabxg5oqd.onion/index_10.php"
"onionland","Help Ross Ulbricht","http://ig2ioz6j2vpcmz27nlqmfdrscijqeqnjv6ku3pkpte7pm53gxeal5hqd.onion/rossulbricht.php"
"onionland","TORCH: Tor Search! Advertise on TORCH","http://ibvdlnmobwc3ry6245mkyc45laq6mdfks65ariq3f3vkg5oya3o23eqd.onion/adinfo"
"onionland","TORCH: Tor Search! Advertise on TORCH","http://phhxrmzpcjgvpnc562d3wqli3pbphitu2kuqdjrn6xltlqs7wyjrcmad.onion/adinfo"
"onionland","TORCH: Tor Search! Advertise on TORCH","http://bipcphrpfbesfd6uol7oaznxcs5w5f3dkvgoqkwg5f7ccn6gcmq6ylyd.onion/adinfo"
"onionland","Privacy Policy","https://myanee7lkwzxkhupjxvu2sxtkuf57lkvr3wutf3vfvnhkxuei7h3xbad.onion/boot/archives/email/NixNet.email_Privacy Policy_(2020-03-28).html"
"onionland","Tor Project | What is GetTor?","http://ueghr2hzndecdntou33mhymbbxj7pir74nwzhqr6drhxpbz3j272p4id.onion"
"onionland","Omega Market","http://omegavc3vqt4rjo4njd2j4gr7kjqsnyr7ja6mkmckjbjqkqkc7a7bdyd.onion"
"onionland","Hidden Answers - Free BBS","http://freebbs2dwn7bay3hljm5pqs5qn7tot6clwouqdnvueozf7bt3y5ldid.onion/dotgoto?room=Hidden+Answers"
"onionland","Î°úÎ¶¨Ïõπ","http://ihwlvcggyxlrgkphbaf44aegwprl6lppxojxfr4rjjfog2ts76apvuqd.onion/14.html"
"onionland","Buy 100 ml Pentobarbital sodium Nembutal Worldwide Delivery Services","http://gh5gewziqmm5twfn2dpwap6t4dwp44emi4smzmw3f5lqc3natfbcpuid.onion?product=buy-100-ml-pentobarbital-sodium-nembutal-oral-liquid-online-usa"
"onionland","/b/ - All v3 Onion Addresses Down After Attack On The Tor Network","http://wnkrienrdb4wmoi3zyh7a3rflambfm4zk2zfct75kwbwajjocoegryid.onion/b/res/4772.html"
"onionland","Directory Rating Links | Top Sites onion","http://linkiev3kx2soy4vnc5sqo7cknc3aonq75pvj62t6amnl3tb2frmvhad.onion/cat/1/page/6"
"onionland","Planet Debian","http://3cbzkrvakrpetjjppdwzbzqrlkmzatjs7jbyazap5gwutj32gcltjpqd.onion"
"onionland","Perguntas recentes sem resposta escolhida - Respostas Ocultas","http://pt.answerszuvs3gg2l64e6hmnryudl5zgrmwm3vh65hzszdghblddvfiqd.onion/unanswered?by=selected&start=8325"
"onionland","Searx instances","http://searxspbitokayvkhzhsnljde7rqmn7rvoga6e4waeub3h7ug3nghoad.onion"
"onionland","Dark Web Tor Links","http://y2qqzsejjhh43qoh3kpj2spjnxujbjpaz3ccmpcbqwf3nr3y3svjsfad.onion"
"onionland","Weekly Lotto - HeinekenExpress shop","http://heinekexxo77vjgmasoq3xqxqwndq74iq7grpqw3bfvdpb6vcmf2kcqd.onion/content/03402632-642f-4110-9e1e-16e0f36e1b66?page=4&pageSize=10"
"onionland","Privacy Policy","http://mail.mail.mail.mail.mail.mail.rurcblzhmdk22kttfkel2zduhyu3r6to7knyc7wiorzrx5gw4c3lftad.onion/privacy"
"onionland","Buy PCP Powder - Acid Tabs For Sale | Psychedelic products update","http://losf3msiygfmizgshddciot35lxxlf3huhme3ab3eme27e5kcicty4ad.onion/product/pcp-powder/index.html"
"onionland","Terms of Service","http://dwtqmjzvn2c6z2x462mmbd34ugjjrodowtul4jfbkexjuttzaqzcjyad.onion/tos"
"onionland","Weekly Lotto - HeinekenExpress shop","http://heinekiedg3fnlq2a3l3bij3veashlp2i6e7r645io5vcrnizxnwucid.onion/content/03402632-642f-4110-9e1e-16e0f36e1b66?page=7&pageSize=10"
"onionland","OpSec - Metropolis Forum","http://forum5pt4ynmbrra6xw4nxptqqjhzov4mgigjzsapi7h6pob737qc7ad.onion/viewforum.php?f=13"
"onionland","TorNode - Onion Links Directory","http://e6wzjohnxejirqa2sgridvymv2jxhrqdfuyxvoxp3xpqh7kr4kbwpwad.onion?cat=20&pg=14&lang=en"
"onionland","whatsapp hacking","http://5bhtuxacjqcy6ifiyt5n4pb2yvvzdyibxfbf4ctu5cire7kic7f7uzid.onion"
"onionland","TorStatus - Tor Network Status","http://t3qi4hdmvqo752lhyglhyb5ysoutggsdocmkxhuojfn62ntpcyydwmqd.onion/index.php?SR=ORPort&SO=Asc"
"onionland","Apache Status","http://3gs7lq52ccbqvdu3kf7m7ilbasjqhsegmb2rnvu4zjfx7lf27oz7ytyd.onion/server-status"
"onionland","peacemaker/vector-frontend-site - Gogs","http://snw2i6zk7htxx7dtejpc7mq7omk7zxkpoczi3k6af3rmpmuxfvig2rid.onion/peacemaker/vector-frontend-site/src/master/statics/en/10_how_to_stay_safe.md"
"onionland","TorNode - Onion Links Directory","http://5jvz3qy6rux3chaoft3sex22ef6l6uvkfqsavxd3pmej2jeotsckvxqd.onion?cat=20&pg=12&lang=en"
"onionland","Îã§ÌÅ¨ Î©îÍ∞àÎ¶¨ÏïÑ","http://2mu7qwudmq6he6mkvwysqwqkw5zhwecfayosftcauodzpfpkpb7rf5yd.onion/16.html"
"onionland","overview by theredhound19","http://kddit.kallist4mcluuxbjnr5p2asdlmdhaos3pcrvhk3fbzmiiiftwg6zncid.onion/u/theredhound19/overview?count=25&after=t1_gisad0h"
"onionland","S.Dock","http://kbhcl3suo7mebwn5iamnncuopqlraqzygsuizubjvmtyiepe7j4xvlad.onion"
"onionland","Vendor updates / NZ Darknet Market Forums","http://nzdnmfcf2z5pd3vwfyfy3jhwoubv6qnumdglspqhurqnuvr52khatdad.onion/viewforum.php?id=6"
"onionland","All Onion Services","http://jptvwdeyknkv6oiwjtr2kxzehfnmcujl7rf7vytaikmwlvze773uiyyd.onion?v3="
"onionland","Remandzana ‚Äì Feedback","http://remandzanajnl6nmimvgacw4ctxylzqdu6t5va2ofy6w5hj35cbkg2ad.onion/feedback"
"onionland","XGroup","http://3egipr75y5hdefjua2vyqjuezh4g4oien2cggmplkoflc6cktedmomad.onion"
"onionland","–¥–µ–º–æ–≥—Ä–∞—Ñ–∏—è_—Ä–æ—Å—Å–∏–∏_1970_2016 [–í–∏–∫–∏ ¬´–ü—Ä–∞–≤–¥–∞¬ª]","http://pravda4vzmosophmd6lkxad7uwl2t3zawdtr3jrvwennxygw7gqepoqd.onion/–¥–µ–º–æ–≥—Ä–∞—Ñ–∏—è_—Ä–æ—Å—Å–∏–∏_1970_2016"
"onionland","ÎÇ®ÏÑ±Í∞ÄÏ°±Î∂Ä","http://xdb3grkzc2fpo7ymzvru7v2rdahtcyaocldwr5rp27ag2bsfjo24anad.onion/6.html"
"onionland","UNIQUE BTC BITCOIN EXCHANGER FULL ID VERIFIED WITH BANKDROP","http://x73avew2lccvw72j5f2ma6tqixfornfm75fx2trri4bj3pg7xzpap4yd.onion/product/unique-btc-bitcoin-exchanger-full-id-verified-with-bankdrop/index.html"
"onionland","Un incendie pr√©cipite l'expulsion d'un b√¢timent au Petit S√©minaire - Marseille Infos Autonomes","http://vap3miljiaw72s6k4jto2xrhecodjv2hhar5cd45gjbgmutkx7q6s2yd.onion/un-incendie-precipite-l-expulsion-5451"
"onionland","CORE - Suggestions","http://ksn5nqaie4bozit34yk5dnlxhdymd2fvusltutotvkamr5mv4kkmgzqd.onion/forumdisplay.php?fid=6&page=3&datecut=9999&prefix=0&sortby=lastpost&order=desc"
"onionland","Marketo","http://fnxasrgjazy7xuzyculkp4rqni6ldiw5uxazzpx3klc4vfufsiwno4ad.onion?page=1"
"onionland","Btc Doubler - Double your BTC in just 10 hours","http://2xbtc6trtmxyj4mkis53p4kix52nfb24nvirid3357vcsrvbbputdcyd.onion/index.php"
"onionland","CONTI.News","http://continewsnv5otx5kaoje7krkto2qbu3gtqef22mnr7eaxw3y6ncz3ad.onion/page/2"
"onionland","Media","https://kpzscgdqezpen5zpnc4gky5vx4r56thl5syq2x45j6hbjy5w7tjilwid.onion/Media/_index.php?post=diythighimplants.php"
"onionland","(Untitled)","http://2p6znp6ieptvs6lmqlwnmsvstp63j3a4aifcxoczfp6fzrgx7hehzmqd.onion/privacy-policy.html"
"onionland","/t/ - Catalog","http://qga4iyo7rp3kjhwvbkdo6vxeuo4r2suq4fygkwbsw7hve7cykwgrdpyd.onion/t/catalog.html"
"onionland","General Current Events - TruthBoard","http://k5aintllrufq23khjnmmfli6uxioboe3ylcao7k72mk2bgvwqb5ek4ad.onion/viewforum.php?f=15"
"onionland","unique_opportunities","http://bjhjtivcu43ndzdryschq4j3p3ipum72y7goyewxrneqc35n5ajx46qd.onion/feedback.html"
"onionland","ÎçòÏ†ÑÏùò Ï£ºÏù∏Îãò","http://lgwfmw275jbo3f7z32hgtywdjtk2jjyfm4r32u3yznsdbwubxth64zqd.onion/11.html"
"onionland","ATM Hacking Codes - Blank ATM Cards - How To Hack ATM Machine","http://2qhfojw2badyzdihcrpmh7xmj6enxo3paatxtad2fqtg342vi2g34oqd.onion/atm-hacking/index.html"
"onionland","Driver License (For your country)","http://qadsn5hxt7dpphbwovaurtpbcy46feh7hqns5niwj42kkg4744a7uzad.onion?product=driver-license-for-your-country"
"onionland","Blockchair","http://blkchairbknpn73cfjhevhla7rkp4ed5gg2knctvv7it4lioy22defid.onion/privacy"
"onionland","Here","http://opdz3nfh6n54ndhle4nkcbecn7ozfuowm5c6hlclvhcwndeg3tr5vrqd.onion/125-2/index.html"
"onionland","Buy Potassium Cyanide-Buy kcn online - Privacy","http://pharm5gbgtbw2525tyt6akglo53lrcsit4wz7xjka7lqjo2gq4cu3qad.onion/privacy.html"
"onionland","Chat Tor / Private Chat / Dark Chat","http://gszionb5csgn24c2siowqzwj4bipigtvcs754hepe3ls3hf7qpcdxaqd.onion"
"onionland","""","https://duckduckgogg42xjoc72x3sjasowoarfbgcmvfimaftt6twagswzczad.onion/html?q=""CASSANDRA+CAMPBELL"""
"onionland","Keskustori","http://oivkrzn5xeisuvqtzeeexc53revzq7uf2ksoxmhfnl242hvlmbrwamqd.onion/mr/8906"
"onionland","Suomiskene - Ukko","http://suomidrm4jxoggzwe4ibav6e74xlx2qoriq33vyqe2gk2gaibngw3uyd.onion?/ukko/="
"onionland","Bitcoin Wallet - Free and Secure Bitcoin Wallet","http://electrumsqbjbyzb2zlhidv66yynzbop33vzxjj7su2k5wy6tur3xwyd.onion"
"onionland","TorÊÉÖÂ†±Áâà","http://nqvrnwhcro4uvxqqezo5y2em6xqdpcr72pdmgqzxah6hvuhiusgukpid.onion/archive/log/A0034.html"
"onionland","Suppressed Corvid-19 Vaccine","http://szrcfjk74impctrocgdfvhs5464xgcgqsplgatvxd2jdropyfzjza6yd.onion"
"onionland","Blog St√©phane Bortzmeyer: RFC 8288: Web Linking","http://7j3nfxndxmk2kiafnzvkkudriiz77tsb5rvkttlkzfl3krtr2klnpgqd.onion/8288.html"
"onionland","Hidden Wiki Fresh","http://kfj2am4ee2asdqflt4tuxxwbeuzmh6tv64ojbqscc4u55skrechsxzad.onion/doku.php?id=start"
"onionland","some advice for a noob plz","http://2h3wbtlqgpywcuerlcnkqdtp6dj7zweq7oj3wy4pwmzpeuus4fztbvid.onion/showthread.php?tid=53"
"onionland","FAQ | Dark Web Wolf Street","http://dwwscsu2ha72pkq57ptzavvfp4hpihxahj342wlknl7dhd7noptbadqd.onion/faq/index.php"
"onionland","A Prepaid Credit Card Supplier - Credit Cards","http://fxrx6qvrri4ldt7dhytdvkuakai75bpdlxlmner6zrlkq34rpcqpyqyd.onion"
"onionland","Cookies Policy","https://pixel.facebookwkhpilnemxj7asaniu7vnjjbiltxjqhye3mhbshg7kx5tfyd.onion/policies/cookies"
"onionland","FAQ - Buy Real Money","http://buyreal2xipzjhjfhyztle35dknfexgqrpq4dmzvkc575kzi3vr6bmid.onion/faq"
"onionland","DarkSide Leaks","http://darksidc3iux462n6yunevoag52ntvwp6wulaz3zirkmh4cnz6hhj7id.onion"
"onionland","Benscomputer.no-ip.org - Blog Page 2 - 2006","https://e26whn2524322mkxb3cbyk27ev2ihhq2biz35hty7gzgsyrwrygq27yd.onion/images/benscomputer_no-ip_org_Archive/archives/27-04-2007/Index05-11-2006.shtml"
"onionland","HACK AN OPERATING SYSTEM | Card The World Marketplace-Trust and Safety","http://jycvjh42y7qbab3hjdrlsgtt3yin5uf2bgd2a3hqipv2rtvlzsulkwad.onion/product/hack-an-operating-system"
"onionland","FAQ - Buy Real Money | The Way","http://buyreal4ka5ulaeatencombd52pnihjmnjfubtad4ze4dixp76ovrrid.onion/faq.php"
"onionland","Apache Status","http://hssza6r6fbui4x452ayv3dkeynvjlkzllezxf3aizxppmcfmz2mg7uad.onion/server-status"
"onionland","Dark Web Link 2021 | Deep web Links | Darknet Link","https://dwltorbltw3tdjskxn23j2mwz2f4q25j4ninl5bdvttiy4xb6cqzikid.onion"
"onionland","feedback","http://gjcp5w5quzyc64lwkkkimdq7r5comfgaxl2wdrvn2utunrdjldmajeid.onion/feedback/index.html"
"onionland","U.S. NSA Contractor-Leaks-AnyFace2077","http://anyfaceramaemst4kfmtvrzzk2duy7mp4b3qzjgo4xhpqtytavzuvlad.onion/anyface2077/538.html"
"onionland","Japanese Lady Extermination @ mn7g4h4 Network","http://oruipzts32vfmxha2urcbniitpm5jmzh43bm5owuje66tchtl62ucxid.onion"
"onionland","Legit Counterfeit Money | Order Now And Get 1000 In Bonus","http://scul2c6npkfzi4lsz2qmw3pdqfhtz5g7u562imy7qle6osjqkyocrgqd.onion/legit-counterfeit-money/index.html"
"onionland","HD Wiki","http://e7ija5y5ynxc6hwmapnlmudju4a4depiddoc7ufhgdri3pyqcajqbwad.onion"
"onionland","Changelog - Bitmessage Wiki","https://bitmsgdyvsmwgsimkxplisxbzpewvkhfm3fmomzd63apaymaxiznz6ad.onion/index.php/Changelog"
"onionland","Terms","http://pastebeg6e3rpkofmcgy7fdgkmewb7r4zqfdyppjyhpdukljuepplsid.onion/pages/terms"
"onionland","Fresh Onions","http://freshonifyfe4rmuh6qwpsexfhdrww7wnt5qmkoertwxmcuvm4woo4ad.onion?page=10"
"onionland","Ïã†ÌÉúÏùº","http://xluifu7wkjn3lmgjimgdsuhyta5ajnf5fy3y64na5ixvgx72ifswp5id.onion/18.html"
"onionland","Buyers Reviews","http://imperiacfwnxzhkpyce2ifxwdf3zromko5wwrbaeldhtkvask3es7tyd.onion/reviews.php"
"onionland","Real Buyers Reviews","http://shop6bpuax4uk53slpyt56bhl43f2cefpcejwyrbtvcfugujldt3eyqd.onion/reviews"
"onionland","Reviews real buyers","http://imperial7uzr2e2xgu65esok3fhu4nivrmqkr3nyu3uh4d563qvhq7ad.onion/reviews-real-buyers.html"
"onionland","Bible4u - uncensored Bible for Darknet ‚Ä∫ Guide","https://bible4u2lvhacg4b3to2e2veqpwmrc2c3tjf2wuuqiz332vlwmr4xbad.onion/en/guide?dark=1"
"onionland","Bitcoin 15 - What is it? - WikiKnowledge","http://invest2gpw4zdshgsfvtgplvladlz3fgzm2bjouxvuikbxg7htqpkqqd.onion"
"onionland","Buy Real Money | Reviews","http://moneylmhqamhzfcw6qm2no375eku2brclbilrzy7ae4364l75nhvtnyd.onion/reviews.html"
"onionland","2013 GSF Jouyou Kanji by Con Kolivas","http://ujh6xlyukepvbtaaywygzvovoudcvlpokowturdlm37sjzodw573j3ad.onion/kanji.html"
"onionland","XTALK.CHAT sexting service","http://xtalkc5ugmzyqxoymu7o3plv6wbszi6bc2z6an6wnedq37dfg6kao7yd.onion"
"onionland","ÊÅíÂøÉÊïô„Çµ„Ç§„Éê„ÉºÈÉ®","http://oaeq2yvhjejdqhunrazxviz3vdqj5qjwwjsmqoe3mfkbj67w7wx7oxid.onion/test/read.cgi/black/1584019339/54-154"
"onionland","Hidden Wiki .Onion Urls / Links Deep Web Tor Wiki - OnionList Tor Deep Web Hidden Wiki","http://wikivxsshnwleidz2pf3lyhoyykhhguksmptiqoa6rmaex7w3upuv2id.onion"
"onionland","Hidden Wiki .Onion Links / Urls DeepWeb Tor Wiki - OnionList Tor Deepnet Hidden Wiki","http://yfratwfqlf5kr5ky2de73xwkyvyod74xgdmxv344qmejns7jfkjm3aid.onion"
"onionland","Buy Real Money | Reviews","http://x2flbhc24lb734hfgbe375d2udi344guvjl3zeh6x3imie466zvheqad.onion/reviews.html"
"onionland","Babylon","http://baba5tb2jobsw4jfzjrio7xoh3nkhvl43tjuubta5dgz4mazpsialzid.onion?page=1"
"onionland","MushMerica - Buy Shrooms on the Darknet with Bitcoin and Monero","http://mushmerrymbvxi457bq62r6v6yxsy3h4vm7hyzg4djbzm4ykxuln46ad.onion/reviews.php"
"onionland","#archlinux-cn Êó•Êä• Á¨¨‰∫åÊúü - Á∫¶‰ºäÂÖπÁöÑËêåÁãº‰π°ÊâãÊú≠","http://qty3gmiq3zhs7whorla4ynvmndppmn5rgcuvsltgz7xl6xnxdxtp6zqd.onion/archlinux_cn_daily_mixed.html"
"onionland","Semen alert!","http://ejaculatelqqkdhpjvjzhjpuldfuup2q37cfgmf6eknikq5xkliep4yd.onion"
"onionland","Buy Real Money | The Way","http://vynu3dpv6g3uolsxfybkhsz5iqxb5fbql2ssihs3t4zqac4fup7ex2id.onion/reviews"
"onionland","Buy Real Money | The Way","http://3fgdc5aogpv5hukvpfonizw2zn7k7gcjssqczku7g2diftkmr6em27ad.onion/reviews"
"onionland","Buy Real Money | The Way","http://3yusouc6rpzhikjcgqvwdy43hfjix6dyfl6xz6ygsz44oyg3bg2vubad.onion/reviews"
"onionland","Buy Real Money | The Way","http://pbcmnemtwity6f4amutirqdeh2qpex6ebrm4kdjdg53j54wledpuv4ad.onion/reviews"
"onionland","Buy Real Money | The Way","http://clbxfwgpdx74dnga5vxxisxgkyftipeapf4b5t762jcg6qw7qsv4enqd.onion/reviews"
"onionland","Buy Real Money | The Way","http://rb6pghcm2cdgzlriwc5udtq32zipp43oh45vltzcguyv46uxa52mxeyd.onion/reviews"
"onionland","Buy Real Money | The Way","http://lzjx2bqdienqrlcch6vye7vzxc2r56sxzz4a3acormo5gamph2h5pjad.onion/reviews"
"onionland","Buy Real Money | The Way","http://ft7gnnvpwrgverku643rx22wkmw73phtwbl7a7mocoxj7oue5mqqyzad.onion/reviews"
"onionland","Buy Real Money | The Way","http://g47b2so7ojo2kcgdlr3yjye3iepqmha6j7efcwdqcatjtdwqiw7hjjyd.onion/reviews"
"onionland","Email - Shadow Wiki","http://abrx6wcpzkfpwxb5eb2wsra2wnkrv2macdtkpnrepswodz5jxd4schyd.onion/email.xhtml"
"onionland","gabucion (sic!) :: remember lads, subscribe to pewdiepie","http://hjadhquqiy4c64apcyex3vkbfxm44shpkdc7e443c2b5mses5rdiggqd.onion/archive.htm"
"onionland","ÊÅíÂøÉÊïô„Çµ„Ç§„Éê„ÉºÈÉ®","http://sbyuzfhdak43emdfhcjjhfxtw2cddnozhyepwudotoonttirsoevvcad.onion/archive/log/A0019.html"
"darksearchenginer","Illuminati Official Website","http://ogghpg3etoudcuekao2e6ipxb2ubzovywpjis2dxc354l2cagm4kgzad.onion/"
"darksearchenginer","TOR Hosting","http://j4lsojpxrj3np3le.onion/"
"darksearchenginer","Core Market","http://ci74jyfbyriinjxyiy4p37u7knknj3izixx6ep3oajkn72inmucufdad.onion"
"onionsearchserver","SKY-FRAUD.RU - –ö–∞—Ä–¥–∏–Ω–≥ —Ñ–æ—Ä—É–º","http://bcbm4y7yusdxthg3.onion/index.php"
"onionsearchserver","Erfolge","http://nnksciarbrfsg3ud.onion/en/articles/1094-erfolge.htm"
"onionsearchserver","Contributions ‚Äì Daily Stormer","http://dstormer6em3i4km.onion/contributions/"
"onionsearchserver","ni-chan catalogue","http://nichank62kpkrxvg.onion/cat.cgi"
"onionsearchserver","Hidden Wiki","http://hwikis25cffertqe.onion/wiki/index.php?title=Main_Page"
"onionsearchserver","/qanonresearch/ - Q Research Operations General #9458 US-Romania Strategic Partnership Edition","http://enxx3byspwsdo446jujc52ucy2pf5urdbhqw3kbsfhlfjwmbpj5smdad.onion/qanonresearch/res/41673.html"
"onionsearchserver","Club2CRD / –ö–∞—Ä–¥–∏–Ω–≥ —Ñ–æ—Ä—É–º / Carding forum","http://crdclub4wraumez4.onion/index.php"
"onionsearchserver","–ö–Ω–∏–≥–∏ –≤ –∂–∞–Ω—Ä–µ –¢—Ä–∏–ª–ª–µ—Ä—ã ‚Äî —Å—Ç—Ä–∞–Ω–∏—Ü–∞ #1","http://fb2lib3argrtulnw.onion/genre/21"
"onionsearchserver","Alcohol - PsychonautWiki","http://psychonaut3z5aoz.onion/wiki/Alcohol"
"onionsearchserver","Speech Recognition / Text-to-Speech / AvaxHome","http://avaxhome5lcpcok5.onion/software/software_type/office/Speech_Related"
"onionsearchserver","[Chat/2018] - RAL Neo-Forum Textboard","http://f22glwrndpxkacwp.onion/view/Chat/2018"
"onionsearchserver","Tails - Design: specification and implementation","http://f3ht2g7n3bmcso7z.onion/contribute/design.html"
"onionsearchserver","/kc/ - Blogspot thred","http://endchan5doxvprs5.onion/kc/res/15577.html"
"onionsearchserver","Topaic√≠ √âags√∫la | Tionscadal Tor | Taca√≠ocht","http://4bflp2c4tnynnbes.onion/ga/misc/"
"onionsearchserver","US - Buggedplanet.info","http://6sgjmi53igmg7fm7.onion/index.php?title=US"
"onionsearchserver","How can we help? | Tor Project | Support","http://bn6kma5cpxill4pe.onion/"
"onionsearchserver","ni-chan catalogue","http://plnemlsyla6h5t3nuoz2algzmy635ceuendnjwsmhwn2os5fxahshiad.onion/cat.cgi"
"onionsearchserver","CGP Grey - Invidious","http://axqzx4s6s54s32yentfqojs3x5i7faxza6xo3ehd4bzzsg2ii4fv2iid.onion/channel/UC2C_jShtL725hvbm1arSV9w"
"onionsearchserver","Privacy FAQ","http://lfbg75wjgi4nzdio.onion/wiki/privacy"
"onionsearchserver","Mailpile: Frequently Asked Questions","http://clgs64523yi2bkhz.onion/faq/"
"onionsearchserver","/b/ - I crucified a man today...just to watch him die...to see if I still feel?","http://s6424n4x4bsmqs27.onion/b/res/18059.html"
"onionsearchserver","ABOUT TOR BROWSER | Tor Project | Tor Browser Manual","http://dgvdmophvhunawds.onion/about/"
"onionsearchserver","org/meetings/2018MexicoCity ‚Äì Tor Bug Tracker & Wiki","http://ea5f564jnvzj4nqr.onion/projects/tor/wiki/org/meetings/2018MexicoCity"
"onionsearchserver","Is Tor Safe? | Assessing 5 Claims About Tor‚Äôs Security","http://tinhat233xymse34.onion/blog/primers/is-tor-safe.html"
"onionsearchserver","WTF is Up With the ""TROLL"" Mods?...SoylentNews Site Certs Updated Today...WE'RE BACK - but It Has Been a Long, Hard Road...SoylentNews' Anniversary, Site Statistics, and What to do about Journal Spam","http://7rmath4ro2of2a42.onion/meta.rss"
"onionsearchserver","Njalla ‚Äî Blog","http://njalladnspotetti.onion/blog/"
"onionsearchserver","Tor Project | Anonymity Online","http://expyuzz4wqqyqhjn.onion/"
"onionsearchserver","The Hidden Wiki","http://zqktlwi4i34kbat3.onion/wiki/index.php?title=Main_Page"
"onionsearchserver","5 Best Dark Web Documentaries ‚Äì The Dark Web Journal","http://tdwj7xgc5s2k6bmv.onion/tdwj/5-best-dark-web-documentaries/"
"onionsearchserver","Change Log Stem 1.8.0 documentation","http://vt5hknv6sblkgf22.onion/change_log.html"
"onionsearchserver","Archive","http://kzcx36ytbsm5iogs.onion/archive/"
"onionsearchserver","superkuh's blog","http://superkuhbitj6tul.onion/blog/blog.html"
"onionsearchserver","IBM - The Hidden Wiki","http://n6pbizsbykwxmydz.onion/wiki/index.php/IBM"
"onionsearchserver","The Last Trumpet Project","http://y5fmhyqdr6r7ddws.onion/hosted/files/last_trumpet/LTP.html"
"onionsearchserver","Cryptome","http://h2am5w5ufhvdifrs.onion/"
"onionsearchserver","Who uses Tor?","http://qrmfuxwgyzk5jdjz.onion/about/torusers.html.en"
"onionsearchserver","Whonix ‚Ñ¢ and Tor Limitations - Whonix","http://kkkkkkkkkk63ava6.onion/wiki/Warning"
"onionsearchserver","Sourcecode | TheYOSH.nl","http://ctzzqqimlfamyhrc.onion/projects/dreambox-restream/sourcecode"
"onionsearchserver","Torgle - The Dark Web Search Engine","http://torgle5fj664v7pf.onion/torgle/index-frame.php?query=wiki+links&start=10&search=1&results=10&type=and&domain=aaalinkdbpopbfax.onion"
"onionsearchserver","Tor Project: Press Page","http://krkzagd5yo4bvypt.onion/press/press.html.en"
"onionsearchserver","Debian GNU/Linux Installation Guide","http://sejnfjrq6szgca7v.onion/releases/stable/arm64/install.pdf.en"
"onionsearchserver","Fr√´nn vun der √ãnn - Member","http://wwjewp6ca4rkudyj.onion/member"
"onionsearchserver","James Stanley - Posts tagged 'all'","http://jesblogfnk2boep4.onion/tags/all.html"
"onionsearchserver","#20348 (Allot Communications blocking of vanilla Tor, obfs4, and meek in Kazakhstan, starting 2016-06) ‚Äì Tor Bug Tracker & Wiki","http://ea5faa5po25cf7fb.onion/projects/tor/ticket/20348"
"onionsearchserver","Condiciones del Servicio | DeepWebVPN","http://deepwebvpnvvotmw.onion/es/agreement"
"onionsearchserver","SuprBay: The PirateBay Forum - General Discussion","http://suprbayoubiexnmp.onion/Forum-General-Discussion?page=3"
"onionsearchserver","IBM - The Hidden Wiki","http://kpvz7ki2lzvnwve7.onion/wiki/index.php/IBM"
"onionsearchserver","nirgal's links","http://uhu7jakqd6ttrqlw.onion/links"
"onionsearchserver","#youbroketheinternet (YBTI)","http://ybti.cheettyiapsyciew.onion/"
"onionsearchserver","gabucion (sic!) :: remember lads, subscribe to pewdiepie","http://gabufscyjyqr5kj3.onion/archive.htm"
"onionsearchserver","Onionoo - Best Onion Links on Dark Net","http://aaalinkdbpopbfax.onion/security/onionoo-s124.html"
"onionsearchserver","Tor66 - .Onion info :: deep web links tor","http://tor66sezptuu2nta.onion/serviceinfo/?dom=r7uhbk6qradxqqlswcin6gpohq6kfri27fkcavdvo3qmx6re6egeecqd.onion"
"onionsearchserver","Rustic Cyberpunk","http://kpz62k4pnyh5g5t2efecabkywt2aiwcnqylthqyywilqgxeiipen5xid.onion/tags/computers"
"onionsearchserver","Security - riseup.net","http://nzh3fv6jc6jskki3.onion/en/security"
"onionsearchserver","Fog of CryptoWar","http://bwbvcvmbpnan6xsd.onion/post/Fog_Of_CryptoWar/"
"onionsearchserver","Blog St√©phane Bortzmeyer: DNS Looking Glass: usage of the online service","http://7j3ncmar4jm2r3e7.onion/dns-lg-usage.html"
"onionsearchserver","Onionoo - Best Dark Net Links on Deep Web","http://aaalink7lq6i65bb.onion/security/onionoo-s124.html"
"onionsearchserver","Matteo | Beauty of Boys","http://beautyboysj2sgq3.onion/author/matteo/"
"onionsearchserver","Buy Real Money | Reviews","http://bnruxuk34pu5l37h.onion/reviews.html"
"onionsearchserver","Forum ‚Äì Gold & Diamonds","http://golddig65dfkenb4.onion/?page_id=272"
"onionsearchserver","Crawlers Bias Server Log Stats > cYpherpunK.at","http://7pd3i34noxnxolha.onion/2013/12/crawlers-bias-server-log-stats/"
"onionsearchserver","Deep Web Links Tor","http://r7uhbk6qradxqqlswcin6gpohq6kfri27fkcavdvo3qmx6re6egeecqd.onion/"
"onionsearchserver","freiheitsfoo Wiki | Main / Microcensus-Case","http://74i677egkh3zlk6r.onion/pmwiki.php?n=Main.Microcensus-Case"
"onionsearchserver","Buy Real Money | Reviews","http://bnrusds5aw6b3iul.onion/reviews.html"
"onionsearchserver","Tor Project | Relay requirements","http://3gldbgtv5e4god56.onion/relay-operations/relays-requirements/"
"onionsearchserver","The Permanent Booru","http://vsdfdtkr5mh6y33p.onion/wall/"
"onionsearchserver","Privacy | Science Gallery","http://pbbnzshcgemf3d5y.onion/privacy"
"onionsearchserver","Human web trafficking ‚Äì The Asocial","http://asocialfz7ncw5ui.onion/articles/internet/human-web-trafficking.html"
"onionsearchserver","BibTeX entries","http://3wcwjjnuvjyazeza.onion/bibtex.html"
"onionsearchserver","The Secret Story Archive Forum","http://tssa3saypkimmkcy.onion/public/forum/simpleforum.cgi?fid=02&topic_id=1501405450"
"onionsearchserver","Red Pill: normie asked me what ""Weimar"" was, so I wrote him this short novel: Cabal, Jews, Aryans, IQ, Kalergi Plan, Hitler, Holocaust, 6 Gorillian (thought I would share it) | politics","http://potatoynwcg34xyodol6p6hvi5e4xelxdeowsl5t2daxywepub32y7yd.onion/decensor/asset/34ac0d00bc0da7a7ec5457c43d27cc7a9261ba94e8d826b69a6593fb472a8629"
"onionsearchserver","14C analysis quantify time lag between coca leaf harvest and street-level seizure of cocaine","http://cocaineo5z66elwy.onion/Reference/14C-Analysis-Quantify-Time-Lag-Between-Coca-Leaf-Harvest-and-Street-Level-Seizure-of-Cocaine.html"
"onionsearchserver","D√©g√©n√©rescence ‚Äì Page 4 ‚Äì D√©mocratie Participative","http://dp742web5fzh674o.onion/category/degenerescence/page/4/"
"onionsearchserver","freiheitsfoo Wiki | Main / Microcensus-Case","http://74i6emvcpbhsbjrv.onion/pmwiki.php?n=Main.Microcensus-Case"
"onionsearchserver","Lintian Report for Debian Python Modules Team","http://ohusanrieoxsxlmh.onion/full/python-modules-team@lists.alioth.debian.org.html"
"onionsearchserver","OONI - Ethiopia: Internet Shutdown Amidst Recent Protests?","http://fqnqc7zix2wblwex.onion/post/ethiopia-internet-shutdown-amidst-recent-protests/"
"onionsearchserver","Tor Unveils All-Improved Stable 7.5 Series & First Alpha Edition of the 8.0 Series ‚Äî Dark social network","http://cavetord6bosm3sl.onion/news/tor-unveils-all-improved-stable-7-5-seri.html"
"onionsearchserver","Email Bomber","http://blackhost5xlrhev.onion/?id=eb"
"onionsearchserver","Cold War Controller by Penley, David N. -- Imperial Library of Trantor","http://xfmro77i3lixucja.onion/book/YEZoxK4TYyYup_jA"
"onionsearchserver","New packages from the 9th to 22nd April | Debian News","http://tz4732fxpkehod36.onion/2010/04/23/new-packages-from-the-9th-to-22nd-april/"
"onionsearchserver","Get access to the anonymous Internet to fully hide all the action in the network","http://aprovpnacgvqwh76.onion/anonymous-internet/"
"onionsearchserver","The Pirate Bay - The galaxy's most resilient bittorrent site","http://uj3wazyk5u4hnvtk.onion/music/genre/psychedelic"
"onionsearchserver","What Are Dollars Used for, President Trump? ‚Äì The Gun Money Known as USD | Darknet","http://darknetogs6pex5i.onion/what-are-dollars-used-for-president-trump-the-gun-money-known-as-usd/"
"onionsearchserver","/r9k/ - veganism is right","http://oxwugzccvk3dk6tj.onion/r9k/res/309028.html"
"onionsearchserver","20151103-gnupg-in-october","http://ic6au7wa3f6naxjq.onion/blog/20151103-gnupg-in-october.html"
"onionsearchserver","#youbroketheinternet (YBTI)","http://qjkbb2ftbgpocryn.onion/"
"onionsearchserver","Firefox and Security Add-Ons for Windows - Secure Web Browser","http://bpo4ybbs2apk4sk4.onion/en/guide/firefox/windows/"
"onionsearchserver","Research Groups | Tor Project | Research","http://wcgqzqyfi7a6iu62.onion/groups/"
"onionsearchserver","Research Groups | Tor Project | Research","http://c5qrls2slxqz6vdw.onion/groups/"
"onionsearchserver","Tor Project | Anonymity Online","http://expydtcshkwcw3if.onion/"
"onionsearchserver","Debian Package of the Day (static archived copy) Blog Archive nullmailer: simple send-only mail transport agent","http://ammd7ytxcpeavif2.onion/2009/06/28/nullmailer-simple-send-only-mail-transport-agent/index.html"
"onionsearchserver","Stable release: HardenedBSD-stable 11-STABLE v1100055 | HardenedBSD","http://dxsj6ifxytlgq33k.onion/article/op/2018-03-07/stable-release-hardenedbsd-stable-11-stable-v1100055"
"onionsearchserver","Stable release: HardenedBSD-stable 11-STABLE v1100055 | HardenedBSD","http://3jkjhrvkdbdkqisnwhdpe4afh2j2g3suhsfcewiemsyk5ecd6gadmxyd.onion/article/op/2018-03-07/stable-release-hardenedbsd-stable-11-stable-v1100055"
"onionsearchserver","the nimbus nursery","http://milkwxjpscr54dlm.onion/18nimbus/"
"onionsearchserver","MR078 Extremisten und Aussteiger (mit Bernd Wagner, EXIT)...MR077 Marcel Fratzscher: Ungleichheit in Deutschland...MR076 Heinz Bude: Solidarit√§t als Ausweg aus der globalen Sinnkrise...MR075 Christian...","http://m3ccxdndkunffup6.onion/medienradio/feed/mp3/"
"onionsearchserver","Bl-lit","http://exwljei3bfvchv6p.onion/l-a-levine---han-min.html"
"onionsearchserver","Planet Debian","http://gnvweaoe2xzjqldu.onion/"
"onionsearchserver","Components | Tor Styleguide","http://buqlpzbbcyat2jiy.onion/components/"
"onionsearchserver","Shut up about The Hidden Wiki - Matt Traudt","http://mattttttssi4lhud.onion/p/nf5YtW6c.html"
"onionsearchserver","liam/cyrleng - Liam's Public Git Server","http://liamsgitsbmu2lzg.onion/liam/cyrleng/src/master/cmudict.txt"
"onionsearchserver","Kashpureff Press Page","http://kashpureffdylp4t.onion/press/"
"onionsearchserver","–≠—Ç–æ—Ç –¥–µ–Ω—å –≤—Å—ë-—Ç–∞–∫–∏ –Ω–∞—Å—Ç—É–ø–∏–ª. –ü—Ä–æ—â–∞–π, —Ä—É–Ω–µ—Ç. 1994-‚Ä¶","http://tumbachegvyaadyq.onion/b/res/48667.html"
"onionsearchserver","CGP Grey - Invidious","http://kgg2m7yk5aybusll.onion/channel/UC2C_jShtL725hvbm1arSV9w"
"onionsearchserver","DEF CON Media Server","http://m6rqq6kocsyugo2laitup5nn32bwm3lh677chuodjfmggczoafzwfcad.onion/DEF%20CON%20Filler/"
"onionsearchserver","Tor Donor FAQ","http://ruv6ue7d3t22el2a.onion/donor-faq"
"onionsearchserver","Jeff Cooper's Commentaries: Vol. 13, No. 1","http://c6q2m57ts2crvtiz.onion/jeff13_1.html"
"onionsearchserver","Speakers (preliminary) - DeepSec IDSC 2019 Europe","http://kwv7z64xyiva22fw.onion/speaker.html"
"onionsearchserver","mummy aur - Piazza","http://ferkey4nox6vbqwr.onion/viewtopic.php?t=76"
"onionsearchserver","Speakers 2019","http://j7hackfestgaeuvv.onion/en/speakers/"
"onionsearchserver","cor - resistance against weird failures and denial of service attacks","http://67p4weg7hoowpvc3.onion/projects/cor/resilience.html"
"onionsearchserver","Rustic Cyberpunk","http://uxjczuo3ibpibbew.onion/page2"
"onionsearchserver","Resurrection","http://imhhge4lijqv7jzf.onion/stories/html/straightToBelle/?C=M&O=D"
"onionsearchserver","My Little Pony: Equestria Girls: Rainbow Rocks","http://kwn6i5jng6bsow5z.onion/Books/Equestria%20Girls%20%232%20-%20Rainbow%20Rocks/Rainbow%20Rocks%20(Equestria%20Girls;%20Book%20%232).pdf"
"onionsearchserver","2013 GSF Jouyou Kanji by Con Kolivas","http://ujh6xlyukepvbtaaywygzvovoudcvlpokowturdlm37sjzodw573j3ad.onion/kanji.html"
"onionsearchserver","Warezloader","http://warezlrg54cefgmp.onion/"
"onionsearchserver","Smuxi 1.0 with message persistence, counters and NickServ auth...Smuxi 0.11 with multi identity support, message patterns, fixed Twitter and new website...Smuxi 0.10 with new navigation, scripting...","http://bskoid4l5redrw5m.onion/news/archive/index.rss"
"onionsearchserver","Child Porno Station | Jailbait Surprise. Free gallery | Curated PTHC and child porno collections | Jailbait photos and videos | Lolitas | Lolilust | pedo porno | little daughters | join now","http://stationtr3bv7zqpp4aapablqiw6iayc2otnr3ftbbxeaae2vfylttad.onion/jailbait-surprise.html"
"onionsearchserver","Child Porno Station | Jailbait Surprise. Free gallery | Curated PTHC and child porno collections | Jailbait photos and videos | Lolitas | Lolilust | pedo porno | little daughters | join now","http://station45xcsywsuziwe2lidnzu36abvvrw5uzdf5hrflkwwm7eocjqd.onion/jailbait-surprise.html"
"onionsearchserver","Child Porno Station | Jailbait Surprise. Free gallery | Curated PTHC and child porno collections | Jailbait photos and videos | Lolitas | Lolilust | pedo porno | little daughters | join now","http://stationgwltgaot77yxm6gv65dryf56en6vx77mhshw3jcyyy3t3b7ad.onion/jailbait-surprise.html"
"onionsearchserver","Child Porno Station | Jailbait Surprise. Free gallery | Curated PTHC and child porno collections | Jailbait photos and videos | Lolitas | Lolilust | pedo porno | little daughters | join now","http://stationunkmjw7iqi3z3eqkcea42uq7b74vghv3ducdc3styzzzymuyd.onion/jailbait-surprise.html"
"onionsearchserver","Child Porno Station | Jailbait Surprise. Free gallery | Curated PTHC and child porno collections | Jailbait photos and videos | Lolitas | Lolilust | pedo porno | little daughters | join now","http://stationulncebn3yt24ycawl6pcryfbdrvkp7nxuscrbiok6ggbvk6ad.onion/jailbait-surprise.html"
"onionsearchserver","6455 Reviews | Stack of DW","http://stacvvulbayktqlf.onion/reviews.php"
"onionsearchserver","RIP Alexandre Cazes : /d/DarkNetMarkets - Dread","http://dreadditevelidot.onion/post/1c326216f5fdbbf59b89"
"onionsearchserver","Hidden Service Test","http://owz4sj6qk7is5omt.onion/"
"onionsearchserver","6448 Reviews | Stack of DW","http://e6lukm2z4gk5bmhg.onion/reviews.php"
"tor66","Deep Web Links Tor","http://r7uhbk6qradxqqlswcin6gpohq6kfri27fkcavdvo3qmx6re6egeecqd.onion/"
"tor66","Deep Web Links Tor","http://2psymqspoe7nhg5u.onion/"
"tor66","Deep Web Links Tor","http://suwial2k435rsjbcvjd5gkrzsvhawssctsn7ni4ex2mxdnpiqesatnad.onion/"
"tor66","Deep Web Links Tor","http://pgxa64gpzox3ook5.onion/"
"tor66","Tor Project | Anonymity Online","http://expyuzz4wqqyqhjn.onion/"
"tor66","Tor Project | Anonymity Online","http://sbe5fi5cka5l3fqe.onion/"
"tor66","Tor Project | Anonymity Online","http://expydtcshkwcw3if.onion/"
"tor66","Tor Project | Anonymity Online","http://5ecey6oe4rocdsfoigr4idu42cecm2j7zfogc3xc7kfn4uriehwrs6qd.onion/"
"tor66","Tor Project | Anonymity Online","http://2gzyxa5ihm7nsggfxnu52rck2vv4rvmdlkiu3zzui5du4xyclen53wid.onion/"
